--Inserindo Endereço

INSERT INTO Endereco (Cep, Bairro, Rua) VALUES ('56800-000','RUA NOVA', 'RUA 2');

INSERT INTO Endereco (Cep, Bairro, Rua) VALUES ('11111-111','Bairro A', 'Rua A');

INSERT INTO Endereco (Cep, Bairro, Rua) VALUES ('22222-222','Bairro B', 'Rua B');

INSERT INTO Endereco (Cep, Bairro, Rua) VALUES ('33333-333','Bairro C', 'Rua C');

INSERT INTO Endereco (Cep, Bairro, Rua) VALUES ('44444-444','Bairro D', 'Rua D');

INSERT INTO Endereco (Cep, Bairro, Rua) VALUES ('55555-555','Bairro E', 'Rua E');

INSERT INTO Endereco (Cep, Bairro, Rua) VALUES ('66666-666','Bairro F', 'Rua F');

INSERT INTO Endereco (Cep, Bairro, Rua) VALUES ('77777-777','Bairro G', 'Rua G');

INSERT INTO Endereco (Cep, Bairro, Rua) VALUES ('88888-888','Bairro H', 'Rua H');

INSERT INTO Endereco (Cep, Bairro, Rua) VALUES ('99999-999','Bairro I', 'Rua I');

INSERT INTO Endereco (Cep, Bairro, Rua) VALUES ('00000-000','Bairro J', 'Rua J');

INSERT INTO Endereco (Cep, Bairro, Rua) VALUES ('11112-112','Bairro K', 'Rua K');

INSERT INTO Endereco (Cep, Bairro, Rua) VALUES ('11113-113','Bairro L', 'Rua L');

INSERT INTO Endereco (Cep, Bairro, Rua) VALUES ('11114-114','Bairro M', 'Rua M');

INSERT INTO Endereco (Cep, Bairro, Rua) VALUES ('11111-115','Bairro N', 'Rua N');

INSERT INTO Endereco (Cep, Bairro, Rua) VALUES ('11111-116','Bairro O', 'Rua O');

INSERT INTO Endereco (Cep, Bairro, Rua) VALUES ('11111-117','Bairro P', 'Rua P');

INSERT INTO Endereco (Cep, Bairro, Rua) VALUES ('11111-118','Bairro Q', 'Rua Q');

INSERT INTO Endereco (Cep, Bairro, Rua) VALUES ('11111-119','Bairro R', 'Rua R');

INSERT INTO Endereco (Cep, Bairro, Rua) VALUES ('11111-110','Bairro S', 'Rua S');

INSERT INTO Endereco (Cep, Bairro, Rua) VALUES ('22222-221','Bairro T', 'Rua T');

INSERT INTO Endereco (Cep, Bairro, Rua) VALUES ('22222-223','Bairro U', 'Rua U');

INSERT INTO Endereco (Cep, Bairro, Rua) VALUES ('22222-224','Bairro V', 'Rua V');

INSERT INTO Endereco (Cep, Bairro, Rua) VALUES ('22222-225','Bairro W', 'Rua W');

INSERT INTO Endereco (Cep, Bairro, Rua) VALUES ('22222-226','Bairro X', 'Rua X');

INSERT INTO Endereco (Cep, Bairro, Rua) VALUES ('22222-227','Bairro Y', 'Rua Y');

INSERT INTO Endereco (Cep, Bairro, Rua) VALUES ('22222-228','Bairro Z', 'Rua Z');

INSERT INTO Endereco (Cep, Bairro, Rua) VALUES ('22222-229','Bairro AB', 'Rua AB');

INSERT INTO Endereco (Cep, Bairro, Rua) VALUES ('22222-220','Bairro AC', 'Rua AC');

INSERT INTO Endereco (Cep, Bairro, Rua) VALUES ('33333-331','Bairro AD', 'Rua AD');

INSERT INTO Endereco (Cep, Bairro, Rua) VALUES ('33333-332','Bairro AD', 'Rua AD');

--Inserindo Usuário

INSERT INTO Usuario (Email, Senha, Nome, Idade, Cep, Numero, Complemento ) VALUES ('pessoaA@gmail.com','AAAAAA','Pessoa A', 18, '56800-000', '1', 'perto de A');

INSERT INTO Usuario (Email, Senha, Nome, Idade, Cep, Numero, Complemento ) VALUES ('pessoaB@gmail.com','BBBBBB','Pessoa B', 19, '11111-111', '2', 'perto de B');

INSERT INTO Usuario (Email, Senha, Nome, Idade, Cep, Numero, Complemento ) VALUES ('pessoaC@gmail.com','CCCCCC','Pessoa C', 20, '22222-222', '3', 'perto de C');

INSERT INTO Usuario (Email, Senha, Nome, Idade, Cep, Numero, Complemento ) VALUES ('pessoaD@gmail.com','DDDDDD','Pessoa D', 21, '33333-333', '4', 'perto de D');

INSERT INTO Usuario (Email, Senha, Nome, Idade, Cep, Numero, Complemento ) VALUES ('pessoaE@gmail.com','EEEEEE','Pessoa E', 22, '44444-444', '5', 'perto de E');

INSERT INTO Usuario (Email, Senha, Nome, Idade, Cep, Numero, Complemento ) VALUES ('pessoaF@gmail.com','FFFFFF','Pessoa F', 23, '55555-555', '6', 'perto de F');

INSERT INTO Usuario (Email, Senha, Nome, Idade, Cep, Numero, Complemento ) VALUES ('pessoaG@gmail.com','GGGGGG','Pessoa G', 24, '66666-666', '7', 'perto de G');

INSERT INTO Usuario (Email, Senha, Nome, Idade, Cep, Numero, Complemento ) VALUES ('pessoaH@gmail.com','HHHHHH','Pessoa H', 25, '77777-777', '8', 'perto de H');

INSERT INTO Usuario (Email, Senha, Nome, Idade, Cep, Numero, Complemento ) VALUES ('pessoaI@gmail.com','IIIIII','Pessoa I', 26, '88888-888', '9', 'perto de I');

INSERT INTO Usuario (Email, Senha, Nome, Idade, Cep, Numero, Complemento ) VALUES ('pessoaJ@gmail.com','JJJJJJ','Pessoa J', 27, '99999-999', '10', 'perto de J');

INSERT INTO Usuario (Email, Senha, Nome, Idade, Cep, Numero, Complemento ) VALUES ('pessoaK@gmail.com','KKKKKK','Pessoa K', 28, '00000-000', '11', 'perto de K');

INSERT INTO Usuario (Email, Senha, Nome, Idade, Cep, Numero, Complemento ) VALUES ('pessoaL@gmail.com','LLLLLL','Pessoa L', 29, '11112-112', '12', 'perto de L');

INSERT INTO Usuario (Email, Senha, Nome, Idade, Cep, Numero, Complemento ) VALUES ('pessoaM@gmail.com','MMMMMM','Pessoa M', 30, '11113-113', '13', 'perto de M');

INSERT INTO Usuario (Email, Senha, Nome, Idade, Cep, Numero, Complemento ) VALUES ('pessoaN@gmail.com','NNNNNN','Pessoa N', 31, '11114-114', '14', 'perto de N');

INSERT INTO Usuario (Email, Senha, Nome, Idade, Cep, Numero, Complemento ) VALUES ('pessoaO@gmail.com','OOOOOO','Pessoa O', 31, '11111-115', '15', 'perto de O');

INSERT INTO Usuario (Email, Senha, Nome, Idade, Cep, Numero, Complemento ) VALUES ('pessoaP@gmail.com','PPPPPP','Pessoa P', 32, '11111-116', '16', 'perto de P');

INSERT INTO Usuario (Email, Senha, Nome, Idade, Cep, Numero, Complemento ) VALUES ('pessoaQ@gmail.com','QQQQQQ','Pessoa Q', 33, '11111-117', '17', 'perto de Q');

INSERT INTO Usuario (Email, Senha, Nome, Idade, Cep, Numero, Complemento ) VALUES ('pessoaR@gmail.com','RRRRRR','Pessoa R', 34, '11111-118', '18', 'perto de R');

INSERT INTO Usuario (Email, Senha, Nome, Idade, Cep, Numero, Complemento ) VALUES ('pessoaS@gmail.com','SSSSSS','Pessoa S', 35, '11111-119', '19', 'perto de S');

INSERT INTO Usuario (Email, Senha, Nome, Idade, Cep, Numero, Complemento ) VALUES ('pessoaT@gmail.com','TTTTTT','Pessoa T', 36, '11111-110', '20', 'perto de T');

INSERT INTO Usuario (Email, Senha, Nome, Idade, Cep, Numero, Complemento ) VALUES ('pessoaU@gmail.com','UUUUUU','Pessoa U', 36, '22222-221', '21', 'perto de U');

INSERT INTO Usuario (Email, Senha, Nome, Idade, Cep, Numero, Complemento ) VALUES ('pessoaV@gmail.com','VVVVVV','Pessoa V', 36, '22222-223', '22', 'perto de V');

INSERT INTO Usuario (Email, Senha, Nome, Idade, Cep, Numero, Complemento ) VALUES ('pessoaX@gmail.com','XXXXXX','Pessoa X', 36, '22222-224', '23', 'perto de X');

INSERT INTO Usuario (Email, Senha, Nome, Idade, Cep, Numero, Complemento ) VALUES ('pessoaY@gmail.com','YYYYYY','Pessoa Y', 18, '22222-225', '24', 'perto de Z');

INSERT INTO Usuario (Email, Senha, Nome, Idade, Cep, Numero, Complemento ) VALUES ('pessoaW@gmail.com','WWWWWW','Pessoa W', 35, '22222-226', '25', 'perto de W');

INSERT INTO Usuario (Email, Senha, Nome, Idade, Cep, Numero, Complemento ) VALUES ('pessoaZ@gmail.com','ZZZZZZ','Pessoa Z', 35, '22222-227', '26', 'perto de Z');

INSERT INTO Usuario (Email, Senha, Nome, Idade, Cep, Numero, Complemento ) VALUES ('pessoaAB@gmail.com','ABABAB','Pessoa AB', 37, '22222-228', '27', 'perto de AB');

INSERT INTO Usuario (Email, Senha, Nome, Idade, Cep, Numero, Complemento ) VALUES ('pessoaAC@gmail.com','ACACAC','Pessoa AC', 35, '22222-229', '28', 'perto de AC');

INSERT INTO Usuario (Email, Senha, Nome, Idade, Cep, Numero, Complemento ) VALUES ('pessoaAD@gmail.com','ADADAD','Pessoa AD', 35, '22222-220', '29', 'perto de AD');

INSERT INTO Usuario (Email, Senha, Nome, Idade, Cep, Numero, Complemento ) VALUES ('pessoaAE@gmail.com','AEAEAE','Pessoa AE', 35, '33333-331', '30', 'perto de AE');

INSERT INTO Usuario (Email, Senha, Nome, Idade, Cep, Numero, Complemento ) VALUES ('pessoaAF@gmail.com','AFAFAF','Pessoa AF', 35, '33333-332', '31', 'perto de AF');

--Inserindo Telefone

INSERT INTO Telefone (Numero, Email_Usuario ) VALUES (9981815244,'pessoaA@gmail.com');

INSERT INTO Telefone (Numero, Email_Usuario ) VALUES (9111111111,'pessoaB@gmail.com');

INSERT INTO Telefone (Numero, Email_Usuario ) VALUES (9222222222,'pessoaC@gmail.com');

INSERT INTO Telefone (Numero, Email_Usuario ) VALUES (9333333333,'pessoaD@gmail.com');

INSERT INTO Telefone (Numero, Email_Usuario ) VALUES (9444444444,'pessoaE@gmail.com');

INSERT INTO Telefone (Numero, Email_Usuario ) VALUES (9555555555,'pessoaF@gmail.com');

INSERT INTO Telefone (Numero, Email_Usuario ) VALUES (9666666666,'pessoaG@gmail.com');

INSERT INTO Telefone (Numero, Email_Usuario ) VALUES (9777777777,'pessoaH@gmail.com');

INSERT INTO Telefone (Numero, Email_Usuario ) VALUES (9888888888,'pessoaI@gmail.com');

INSERT INTO Telefone (Numero, Email_Usuario ) VALUES (9000000000,'pessoaJ@gmail.com');

INSERT INTO Telefone (Numero, Email_Usuario ) VALUES (9111111112,'pessoaK@gmail.com');

INSERT INTO Telefone (Numero, Email_Usuario ) VALUES (9111111113,'pessoaL@gmail.com');

INSERT INTO Telefone (Numero, Email_Usuario ) VALUES (9111111114,'pessoaM@gmail.com');

INSERT INTO Telefone (Numero, Email_Usuario ) VALUES (9111111115,'pessoaN@gmail.com');

INSERT INTO Telefone (Numero, Email_Usuario ) VALUES (9111111116,'pessoaO@gmail.com');

INSERT INTO Telefone (Numero, Email_Usuario ) VALUES (9111111117,'pessoaP@gmail.com');

INSERT INTO Telefone (Numero, Email_Usuario ) VALUES (9111111118,'pessoaP@gmail.com');

INSERT INTO Telefone (Numero, Email_Usuario ) VALUES (9111111119,'pessoaP@gmail.com');

INSERT INTO Telefone (Numero, Email_Usuario ) VALUES (9111111110,'pessoaQ@gmail.com');

INSERT INTO Telefone (Numero, Email_Usuario ) VALUES (9222222221,'pessoaR@gmail.com');

INSERT INTO Telefone (Numero, Email_Usuario ) VALUES (9222222223,'pessoaS@gmail.com');

INSERT INTO Telefone (Numero, Email_Usuario ) VALUES (9222222224,'pessoaT@gmail.com');

INSERT INTO Telefone (Numero, Email_Usuario ) VALUES (9222222225,'pessoaU@gmail.com');

INSERT INTO Telefone (Numero, Email_Usuario ) VALUES (9222222226,'pessoaV@gmail.com');

INSERT INTO Telefone (Numero, Email_Usuario ) VALUES (9222222227,'pessoaW@gmail.com');

INSERT INTO Telefone (Numero, Email_Usuario ) VALUES (9222222228,'pessoaX@gmail.com');

INSERT INTO Telefone (Numero, Email_Usuario ) VALUES (9222222229,'pessoaY@gmail.com');

INSERT INTO Telefone (Numero, Email_Usuario ) VALUES (9222222220,'pessoaZ@gmail.com');

INSERT INTO Telefone (Numero, Email_Usuario ) VALUES (9333333331,'pessoaAB@gmail.com');

INSERT INTO Telefone (Numero, Email_Usuario ) VALUES (9333333332,'pessoaAC@gmail.com');

INSERT INTO Telefone (Numero, Email_Usuario ) VALUES (9333333334,'pessoaAC@gmail.com');

INSERT INTO Telefone (Numero, Email_Usuario ) VALUES (9333333335,'pessoaAD@gmail.com');

INSERT INTO Telefone (Numero, Email_Usuario ) VALUES (9333333336,'pessoaAE@gmail.com');

INSERT INTO Telefone (Numero, Email_Usuario ) VALUES (9333333337,'pessoaAF@gmail.com');

--Inserindo Cliente

INSERT INTO Cliente (Email_Usuario, Data_Criacao_Conta ) VALUES ('pessoaA@gmail.com', TO_DATE('2017-10-12', 'YYYY-MM-DD'));

INSERT INTO Cliente (Email_Usuario, Data_Criacao_Conta ) VALUES ('pessoaB@gmail.com', TO_DATE('2000-01-20', 'YYYY-MM-DD'));

INSERT INTO Cliente (Email_Usuario, Data_Criacao_Conta ) VALUES ('pessoaC@gmail.com', TO_DATE('1975-01-31', 'YYYY-MM-DD'));

INSERT INTO Cliente (Email_Usuario, Data_Criacao_Conta ) VALUES ('pessoaD@gmail.com', TO_DATE('2002-03-19', 'YYYY-MM-DD'));

INSERT INTO Cliente (Email_Usuario, Data_Criacao_Conta ) VALUES ('pessoaE@gmail.com', TO_DATE('1999-03-25', 'YYYY-MM-DD'));

INSERT INTO Cliente (Email_Usuario, Data_Criacao_Conta ) VALUES ('pessoaF@gmail.com', TO_DATE('2003-03-26', 'YYYY-MM-DD'));

INSERT INTO Cliente (Email_Usuario, Data_Criacao_Conta ) VALUES ('pessoaG@gmail.com', TO_DATE('1988-04-01', 'YYYY-MM-DD'));

INSERT INTO Cliente (Email_Usuario, Data_Criacao_Conta ) VALUES ('pessoaH@gmail.com', TO_DATE('2001-04-06', 'YYYY-MM-DD'));

INSERT INTO Cliente (Email_Usuario, Data_Criacao_Conta ) VALUES ('pessoaI@gmail.com', TO_DATE('1998-04-18', 'YYYY-MM-DD'));

INSERT INTO Cliente (Email_Usuario, Data_Criacao_Conta ) VALUES ('pessoaJ@gmail.com', TO_DATE('2001-05-10', 'YYYY-MM-DD'));

INSERT INTO Cliente (Email_Usuario, Data_Criacao_Conta ) VALUES ('pessoaK@gmail.com', TO_DATE('2000-01-20', 'YYYY-MM-DD'));

INSERT INTO Cliente (Email_Usuario, Data_Criacao_Conta ) VALUES ('pessoaL@gmail.com', TO_DATE('2000-06-04', 'YYYY-MM-DD'));

INSERT INTO Cliente (Email_Usuario, Data_Criacao_Conta ) VALUES ('pessoaM@gmail.com', TO_DATE('2000-01-20', 'YYYY-MM-DD'));

INSERT INTO Cliente (Email_Usuario, Data_Criacao_Conta ) VALUES ('pessoaN@gmail.com', TO_DATE('1979-06-04', 'YYYY-MM-DD'));

INSERT INTO Cliente (Email_Usuario, Data_Criacao_Conta ) VALUES ('pessoaO@gmail.com', TO_DATE('1979-09-18', 'YYYY-MM-DD'));

INSERT INTO Cliente (Email_Usuario, Data_Criacao_Conta ) VALUES ('pessoaP@gmail.com', TO_DATE('1979-10-19', 'YYYY-MM-DD'));

--Inserindo Assistencia 

INSERT INTO Assistencia (Cnpj, Data_Inicio, Descricao, Status, Equipamento)
VALUES ('34567890123456', TO_DATE('2023-07-23', 'YYYY-MM-DD'), 'Instalar o Pacote Office', 'Em andamento', 'Notebook');

INSERT INTO Assistencia (Cnpj, Data_Inicio, Descricao, Status, Equipamento)
VALUES ('45678901234567', TO_DATE('2023-07-24', 'YYYY-MM-DD'), 'Display quebrado', 'Concluído', 'Monitor');

INSERT INTO Assistencia (Cnpj, Data_Inicio, Descricao, Status, Equipamento)
VALUES ('56789012345678', TO_DATE('2023-07-25', 'YYYY-MM-DD'), 'Sinal fraco', 'Em andamento', 'Roteador');

INSERT INTO Assistencia (Cnpj, Data_Inicio, Descricao, Status, Equipamento)
VALUES ('12345678901234', TO_DATE('2023-07-21', 'YYYY-MM-DD'), 'Poeira interna e pasta térmica antiga', 'Em andamento', 'Computador');

INSERT INTO Assistencia (Cnpj, Data_Inicio, Descricao, Status, Equipamento)
VALUES ('23456789012345', TO_DATE('2023-07-22', 'YYYY-MM-DD'), 'Impressora com engasgo de papel', 'Concluído', 'Impressora');

INSERT INTO Assistencia (Cnpj, Data_Inicio, Descricao, Status, Equipamento)
VALUES ('12344672301454', TO_DATE('2023-05-21', 'YYYY-MM-DD'), 'Porta HDMI sem funcionar', 'Em andamento', 'Placa de Vídeo');

INSERT INTO Assistencia (Cnpj, Data_Inicio, Descricao, Status, Equipamento)
VALUES ('67890123456789', TO_DATE('2023-07-26', 'YYYY-MM-DD'), 'Problemas com o sistema operacional', 'Em andamento', 'Computador');

INSERT INTO Assistencia (Cnpj, Data_Inicio, Descricao, Status, Equipamento)
VALUES ('78901234567890', TO_DATE('2023-07-27', 'YYYY-MM-DD'), 'Problemas com a conexão de internet', 'Concluído', 'Roteador');

INSERT INTO Assistencia (Cnpj, Data_Inicio, Descricao, Status, Equipamento)
VALUES ('89012345678901', TO_DATE('2023-07-28', 'YYYY-MM-DD'), 'Teclas sem funcionar', 'Em andamento', 'Teclado');

INSERT INTO Assistencia (Cnpj, Data_Inicio, Descricao, Status, Equipamento)
VALUES ('90123456789012', TO_DATE('2023-07-29', 'YYYY-MM-DD'), 'Clique duplo', 'Concluído', 'Mouse');

--Inserindo Tipo Assistencia

INSERT INTO TipoAssistencia (Tipo_Assistencia, Cnpj_Assistencia)
VALUES ('Instalação de software', '34567890123456');

INSERT INTO TipoAssistencia (Tipo_Assistencia, Cnpj_Assistencia)
VALUES ('Substituição de peças', '45678901234567');

INSERT INTO TipoAssistencia (Tipo_Assistencia, Cnpj_Assistencia)
VALUES ('Configuração de rede', '56789012345678');

INSERT INTO TipoAssistencia (Tipo_Assistencia, Cnpj_Assistencia)
VALUES ('Manutenção preventiva', '12345678901234');

INSERT INTO TipoAssistencia (Tipo_Assistencia, Cnpj_Assistencia)
VALUES ('Reparo de hardware', '23456789012345');

INSERT INTO TipoAssistencia (Tipo_Assistencia, Cnpj_Assistencia)
VALUES ('Reparo de hardware', '12344672301454');

INSERT INTO TipoAssistencia (Tipo_Assistencia, Cnpj_Assistencia)
VALUES ('Reparo de software', '67890123456789');

INSERT INTO TipoAssistencia (Tipo_Assistencia, Cnpj_Assistencia)
VALUES ('Configuração de rede', '78901234567890');

INSERT INTO TipoAssistencia (Tipo_Assistencia, Cnpj_Assistencia)
VALUES ('Substituição de peças', '89012345678901');

INSERT INTO TipoAssistencia (Tipo_Assistencia, Cnpj_Assistencia)
VALUES ('Substituição de peças', '90123456789012');


--Inserindo Descricao

INSERT INTO Descricao (Acoes_Tomadas) VALUES ('Instalação do Pacote Office');

INSERT INTO Descricao (Acoes_Tomadas) VALUES ('Substituição do display quebrado');

INSERT INTO Descricao (Acoes_Tomadas) VALUES ('Melhoria do sinal do roteador');

INSERT INTO Descricao (Acoes_Tomadas) VALUES ('Limpeza interna e troca de pasta térmica');

INSERT INTO Descricao (Acoes_Tomadas) VALUES ('Desobstrução do mecanismo de papel');

INSERT INTO Descricao (Acoes_Tomadas) VALUES ('Reparo da porta HDMI');

INSERT INTO Descricao (Acoes_Tomadas) VALUES ('Correção de problemas com o sistema operacional');

INSERT INTO Descricao (Acoes_Tomadas) VALUES ('Melhoria da conexão de internet');

INSERT INTO Descricao (Acoes_Tomadas) VALUES ('Substituição de teclas quebradas');

INSERT INTO Descricao (Acoes_Tomadas) VALUES ('Correção do problema de clique duplo');

--Inserindo Protocolo_de_Atendimento

INSERT INTO Protocolo_de_Atendimento (Codigo_Protocolo, Cnpj, Desc_Pro, Acoes_Tomadas, Data_Inicio, Data_Conclusao)
VALUES ('P001', '34567890123456', 1, 'Instalação do Pacote Office', TO_DATE('2023-07-23', 'YYYY-MM-DD'), TO_DATE('2023-07-24', 'YYYY-MM-DD'));

INSERT INTO Protocolo_de_Atendimento (Codigo_Protocolo, Cnpj, Desc_Pro, Acoes_Tomadas, Data_Inicio, Data_Conclusao)
VALUES ('P002', '45678901234567', 2, 'Substituição do display quebrado', TO_DATE('2023-07-24', 'YYYY-MM-DD'), TO_DATE('2023-07-25', 'YYYY-MM-DD'));

INSERT INTO Protocolo_de_Atendimento (Codigo_Protocolo, Cnpj, Desc_Pro, Acoes_Tomadas, Data_Inicio, Data_Conclusao)
VALUES ('P003', '56789012345678', 3, 'Troca das antenas do roteador', TO_DATE('2023-07-25', 'YYYY-MM-DD'), TO_DATE('2023-07-26', 'YYYY-MM-DD'));

INSERT INTO Protocolo_de_Atendimento (Codigo_Protocolo, Cnpj, Desc_Pro, Acoes_Tomadas, Data_Inicio, Data_Conclusao)
VALUES ('P004', '12345678901234', 4, 'Limpeza interna e troca de pasta térmica', TO_DATE('2023-07-21', 'YYYY-MM-DD'), TO_DATE('2023-07-22', 'YYYY-MM-DD'));

INSERT INTO Protocolo_de_Atendimento (Codigo_Protocolo, Cnpj, Desc_Pro, Acoes_Tomadas, Data_Inicio, Data_Conclusao)
VALUES ('P005', '23456789012345', 5, 'Desobstrução do mecanismo de papel', TO_DATE('2023-07-22', 'YYYY-MM-DD'), TO_DATE('2023-07-23', 'YYYY-MM-DD'));

INSERT INTO Protocolo_de_Atendimento (Codigo_Protocolo, Cnpj, Desc_Pro, Acoes_Tomadas, Data_Inicio, Data_Conclusao)
VALUES ('P006', '12344672301454', 6, 'Troca da entrada HDMI e repato na placa', TO_DATE('2023-05-21', 'YYYY-MM-DD'), TO_DATE('2023-05-22', 'YYYY-MM-DD'));

INSERT INTO Protocolo_de_Atendimento (Codigo_Protocolo, Cnpj, Desc_Pro, Acoes_Tomadas, Data_Inicio, Data_Conclusao)
VALUES ('P007', '67890123456789', 7, 'Backup e formatação do sistema', TO_DATE('2023-07-26', 'YYYY-MM-DD'), TO_DATE('2023-07-27', 'YYYY-MM-DD'));

INSERT INTO Protocolo_de_Atendimento (Codigo_Protocolo, Cnpj, Desc_Pro, Acoes_Tomadas, Data_Inicio, Data_Conclusao)
VALUES ('P008', '78901234567890', 8, 'Limpeza e restauração para padrões de fábrica', TO_DATE('2023-07-27', 'YYYY-MM-DD'), TO_DATE('2023-07-28', 'YYYY-MM-DD'));

INSERT INTO Protocolo_de_Atendimento (Codigo_Protocolo, Cnpj, Desc_Pro, Acoes_Tomadas, Data_Inicio, Data_Conclusao)
VALUES ('P009', '89012345678901', 9, 'Substituição de teclas quebradas', TO_DATE('2023-07-28', 'YYYY-MM-DD'), TO_DATE('2023-07-29', 'YYYY-MM-DD'));

INSERT INTO Protocolo_de_Atendimento (Codigo_Protocolo, Cnpj, Desc_Pro, Acoes_Tomadas, Data_Inicio, Data_Conclusao)
VALUES ('P010', '90123456789012', 10, 'Botão trocado', TO_DATE('2023-07-29', 'YYYY-MM-DD'), TO_DATE('2023-07-30', 'YYYY-MM-DD'));