--Inserindo Endereço

INSERT INTO Endereco (cep, bairro, rua) VALUES ('56800-000','RUA NOVA', 'RUA 2');

INSERT INTO Endereco (cep, bairro, rua) VALUES ('11111-111','Bairro A', 'Rua A');

INSERT INTO Endereco (cep, bairro, rua) VALUES ('22222-222','Bairro B', 'Rua B');

INSERT INTO Endereco (cep, bairro, rua) VALUES ('33333-333','Bairro C', 'Rua C');

INSERT INTO Endereco (cep, bairro, rua) VALUES ('44444-444','Bairro D', 'Rua D');

INSERT INTO Endereco (cep, bairro, rua) VALUES ('55555-555','Bairro E', 'Rua E');

INSERT INTO Endereco (cep, bairro, rua) VALUES ('66666-666','Bairro F', 'Rua F');

INSERT INTO Endereco (cep, bairro, rua) VALUES ('77777-777','Bairro G', 'Rua G');

INSERT INTO Endereco (cep, bairro, rua) VALUES ('88888-888','Bairro H', 'Rua H');

INSERT INTO Endereco (cep, bairro, rua) VALUES ('99999-999','Bairro I', 'Rua I');

INSERT INTO Endereco (cep, bairro, rua) VALUES ('00000-000','Bairro J', 'Rua J');

INSERT INTO Endereco (cep, bairro, rua) VALUES ('11112-112','Bairro K', 'Rua K');

INSERT INTO Endereco (cep, bairro, rua) VALUES ('11113-113','Bairro L', 'Rua L');

INSERT INTO Endereco (cep, bairro, rua) VALUES ('11114-114','Bairro M', 'Rua M');

INSERT INTO Endereco (cep, bairro, rua) VALUES ('11111-115','Bairro N', 'Rua N');

INSERT INTO Endereco (cep, bairro, rua) VALUES ('11111-116','Bairro O', 'Rua O');

INSERT INTO Endereco (cep, bairro, rua) VALUES ('11111-117','Bairro P', 'Rua P');

INSERT INTO Endereco (cep, bairro, rua) VALUES ('11111-118','Bairro Q', 'Rua Q');

INSERT INTO Endereco (cep, bairro, rua) VALUES ('11111-119','Bairro R', 'Rua R');

INSERT INTO Endereco (cep, bairro, rua) VALUES ('11111-110','Bairro S', 'Rua S');

INSERT INTO Endereco (cep, bairro, rua) VALUES ('22222-221','Bairro T', 'Rua T');

INSERT INTO Endereco (cep, bairro, rua) VALUES ('22222-223','Bairro U', 'Rua U');

INSERT INTO Endereco (cep, bairro, rua) VALUES ('22222-224','Bairro V', 'Rua V');

INSERT INTO Endereco (cep, bairro, rua) VALUES ('22222-225','Bairro W', 'Rua W');

INSERT INTO Endereco (cep, bairro, rua) VALUES ('22222-226','Bairro X', 'Rua X');

INSERT INTO Endereco (cep, bairro, rua) VALUES ('22222-227','Bairro Y', 'Rua Y');

INSERT INTO Endereco (cep, bairro, rua) VALUES ('22222-228','Bairro Z', 'Rua Z');

INSERT INTO Endereco (cep, bairro, rua) VALUES ('22222-229','Bairro AB', 'Rua AB');

INSERT INTO Endereco (cep, bairro, rua) VALUES ('22222-220','Bairro AC', 'Rua AC');

INSERT INTO Endereco (cep, bairro, rua) VALUES ('33333-331','Bairro AD', 'Rua AD');

INSERT INTO Endereco (cep, bairro, rua) VALUES ('33333-332','Bairro AD', 'Rua AD');

--Inserindo Usuário

INSERT INTO Usuario (email, senha, nome, idade, cep, numero, complemento ) VALUES ('pessoaA@gmail.com','AAAAAA','Pessoa A', 18, '56800-000', '1', 'perto de A');

INSERT INTO Usuario (email, senha, nome, idade, cep, numero, complemento ) VALUES ('pessoaB@gmail.com','BBBBBB','Pessoa B', 19, '11111-111', '2', 'perto de B');

INSERT INTO Usuario (email, senha, nome, idade, cep, numero, complemento ) VALUES ('pessoaC@gmail.com','CCCCCC','Pessoa C', 20, '22222-222', '3', 'perto de C');

INSERT INTO Usuario (email, senha, nome, idade, cep, numero, complemento ) VALUES ('pessoaD@gmail.com','DDDDDD','Pessoa D', 21, '33333-333', '4', 'perto de D');

INSERT INTO Usuario (email, senha, nome, idade, cep, numero, complemento ) VALUES ('pessoaE@gmail.com','EEEEEE','Pessoa E', 22, '44444-444', '5', 'perto de E');

INSERT INTO Usuario (email, senha, nome, idade, cep, numero, complemento ) VALUES ('pessoaF@gmail.com','FFFFFF','Pessoa F', 23, '55555-555', '6', 'perto de F');

INSERT INTO Usuario (email, senha, nome, idade, cep, numero, complemento ) VALUES ('pessoaG@gmail.com','GGGGGG','Pessoa G', 24, '66666-666', '7', 'perto de G');

INSERT INTO Usuario (email, senha, nome, idade, cep, numero, complemento ) VALUES ('pessoaH@gmail.com','HHHHHH','Pessoa H', 25, '77777-777', '8', 'perto de H');

INSERT INTO Usuario (email, senha, nome, idade, cep, numero, complemento ) VALUES ('pessoaI@gmail.com','IIIIII','Pessoa I', 26, '88888-888', '9', 'perto de I');

INSERT INTO Usuario (email, senha, nome, idade, cep, numero, complemento ) VALUES ('pessoaJ@gmail.com','JJJJJJ','Pessoa J', 27, '99999-999', '10', 'perto de J');

INSERT INTO Usuario (email, senha, nome, idade, cep, numero, complemento ) VALUES ('pessoaK@gmail.com','KKKKKK','Pessoa K', 28, '00000-000', '11', 'perto de K');

INSERT INTO Usuario (email, senha, nome, idade, cep, numero, complemento ) VALUES ('pessoaL@gmail.com','LLLLLL','Pessoa L', 29, '11112-112', '12', 'perto de L');

INSERT INTO Usuario (email, senha, nome, idade, cep, numero, complemento ) VALUES ('pessoaM@gmail.com','MMMMMM','Pessoa M', 30, '11113-113', '13', 'perto de M');

INSERT INTO Usuario (email, senha, nome, idade, cep, numero, complemento ) VALUES ('pessoaN@gmail.com','NNNNNN','Pessoa N', 31, '11114-114', '14', 'perto de N');

INSERT INTO Usuario (email, senha, nome, idade, cep, numero, complemento ) VALUES ('pessoaO@gmail.com','OOOOOO','Pessoa O', 31, '11111-115', '15', 'perto de O');

INSERT INTO Usuario (email, senha, nome, idade, cep, numero, complemento ) VALUES ('pessoaP@gmail.com','PPPPPP','Pessoa P', 32, '11111-116', '16', 'perto de P');

INSERT INTO Usuario (email, senha, nome, idade, cep, numero, complemento ) VALUES ('pessoaQ@gmail.com','QQQQQQ','Pessoa Q', 33, '11111-117', '17', 'perto de Q');

INSERT INTO Usuario (email, senha, nome, idade, cep, numero, complemento ) VALUES ('pessoaR@gmail.com','RRRRRR','Pessoa R', 34, '11111-118', '18', 'perto de R');

INSERT INTO Usuario (email, senha, nome, idade, cep, numero, complemento ) VALUES ('pessoaS@gmail.com','SSSSSS','Pessoa S', 35, '11111-119', '19', 'perto de S');

INSERT INTO Usuario (email, senha, nome, idade, cep, numero, complemento ) VALUES ('pessoaT@gmail.com','TTTTTT','Pessoa T', 36, '11111-110', '20', 'perto de T');

INSERT INTO Usuario (email, senha, nome, idade, cep, numero, complemento ) VALUES ('pessoaU@gmail.com','UUUUUU','Pessoa U', 36, '22222-221', '21', 'perto de U');

INSERT INTO Usuario (email, senha, nome, idade, cep, numero, complemento ) VALUES ('pessoaV@gmail.com','VVVVVV','Pessoa V', 36, '22222-223', '22', 'perto de V');

INSERT INTO Usuario (email, senha, nome, idade, cep, numero, complemento ) VALUES ('pessoaX@gmail.com','XXXXXX','Pessoa X', 36, '22222-224', '23', 'perto de X');

INSERT INTO Usuario (email, senha, nome, idade, cep, numero, complemento ) VALUES ('pessoaY@gmail.com','YYYYYY','Pessoa Y', 18, '22222-225', '24', 'perto de Z');

INSERT INTO Usuario (email, senha, nome, idade, cep, numero, complemento ) VALUES ('pessoaW@gmail.com','WWWWWW','Pessoa W', 35, '22222-226', '25', 'perto de W');

INSERT INTO Usuario (email, senha, nome, idade, cep, numero, complemento ) VALUES ('pessoaZ@gmail.com','ZZZZZZ','Pessoa Z', 35, '22222-227', '26', 'perto de Z');

INSERT INTO Usuario (email, senha, nome, idade, cep, numero, complemento ) VALUES ('pessoaAB@gmail.com','ABABAB','Pessoa AB', 37, '22222-228', '27', 'perto de AB');

INSERT INTO Usuario (email, senha, nome, idade, cep, numero, complemento ) VALUES ('pessoaAC@gmail.com','ACACAC','Pessoa AC', 35, '22222-229', '28', 'perto de AC');

INSERT INTO Usuario (email, senha, nome, idade, cep, numero, complemento ) VALUES ('pessoaAD@gmail.com','ADADAD','Pessoa AD', 35, '22222-220', '29', 'perto de AD');

INSERT INTO Usuario (email, senha, nome, idade, cep, numero, complemento ) VALUES ('pessoaAE@gmail.com','AEAEAE','Pessoa AE', 35, '33333-331', '30', 'perto de AE');

INSERT INTO Usuario (email, senha, nome, idade, cep, numero, complemento ) VALUES ('pessoaAF@gmail.com','AFAFAF','Pessoa AF', 35, '33333-332', '31', 'perto de AF');

INSERT INTO Usuario (email, senha, nome, idade, cep, numero, complemento) VALUES ('joao@email.com', 'senha123', 'João Silva', 28, '12345-678', '10', 'Apto 101');

INSERT INTO Usuario (email, senha, nome, idade, cep, numero, complemento) VALUES ('maria@email.com', 'mypass456', 'Maria Souza', 32, '98765-432', '25', 'Casa B');

INSERT INTO Usuario (email, senha, nome, idade, cep, numero, complemento) VALUES ('pedro@email.com', 'senha123', 'Pedro Martins', 30, '45678-901', '50', 'Bloco C, Ap. 305');

INSERT INTO Usuario (email, senha, nome, idade, cep, numero, complemento) VALUES ('ana@email.com', 'mypassword', 'Ana Oliveira', 25, '54321-098', '7', 'Sala 12');

INSERT INTO Usuario (email, senha, nome, idade, cep, numero, complemento) VALUES ('carlos@email.com', 'carlos123', 'Carlos Santos', 35, '13579-246', '18', 'Casa Azul');

INSERT INTO Usuario (email, senha, nome, idade, cep, numero, complemento) VALUES ('lucas@email.com', 'lucas456', 'Lucas Mendes', 29, '98765-432', '100', 'Apartamento 202');

INSERT INTO Usuario (email, senha, nome, idade, cep, numero, complemento) VALUES ('marina@email.com', 'senhaMarina', 'Marina Almeida', 27, '56789-012', '40', 'Bloco A, Ap. 15');

INSERT INTO Usuario (email, senha, nome, idade, cep, numero, complemento) VALUES ('gabriel@email.com', 'senha123', 'Gabriel Costa', 31, '98765-432', '5', 'Sala 7');



--Inserindo Telefone

INSERT INTO Telefone (numero, email_usuario ) VALUES (9981815244,'pessoaA@gmail.com');

INSERT INTO Telefone (numero, email_usuario ) VALUES (9111111111,'pessoaB@gmail.com');

INSERT INTO Telefone (numero, email_usuario ) VALUES (9222222222,'pessoaC@gmail.com');

INSERT INTO Telefone (numero, email_usuario ) VALUES (9333333333,'pessoaD@gmail.com');

INSERT INTO Telefone (numero, email_usuario ) VALUES (9444444444,'pessoaE@gmail.com');

INSERT INTO Telefone (numero, email_usuario ) VALUES (9555555555,'pessoaF@gmail.com');

INSERT INTO Telefone (numero, email_usuario ) VALUES (9666666666,'pessoaG@gmail.com');

INSERT INTO Telefone (numero, email_usuario ) VALUES (9777777777,'pessoaH@gmail.com');

INSERT INTO Telefone (numero, email_usuario ) VALUES (9888888888,'pessoaI@gmail.com');

INSERT INTO Telefone (numero, email_usuario ) VALUES (9000000000,'pessoaJ@gmail.com');

INSERT INTO Telefone (numero, email_usuario ) VALUES (9111111112,'pessoaK@gmail.com');

INSERT INTO Telefone (numero, email_usuario ) VALUES (9111111113,'pessoaL@gmail.com');

INSERT INTO Telefone (numero, email_usuario ) VALUES (9111111114,'pessoaM@gmail.com');

INSERT INTO Telefone (numero, email_usuario ) VALUES (9111111115,'pessoaN@gmail.com');

INSERT INTO Telefone (numero, email_usuario ) VALUES (9111111116,'pessoaO@gmail.com');

INSERT INTO Telefone (numero, email_usuario ) VALUES (9111111117,'pessoaP@gmail.com');

INSERT INTO Telefone (numero, email_usuario ) VALUES (9111111118,'pessoaP@gmail.com');

INSERT INTO Telefone (numero, email_usuario ) VALUES (9111111119,'pessoaP@gmail.com');

INSERT INTO Telefone (numero, email_usuario ) VALUES (9111111110,'pessoaQ@gmail.com');

INSERT INTO Telefone (numero, email_usuario ) VALUES (9222222221,'pessoaR@gmail.com');

INSERT INTO Telefone (numero, email_usuario ) VALUES (9222222223,'pessoaS@gmail.com');

INSERT INTO Telefone (numero, email_usuario ) VALUES (9222222224,'pessoaT@gmail.com');

INSERT INTO Telefone (numero, email_usuario ) VALUES (9222222225,'pessoaU@gmail.com');

INSERT INTO Telefone (numero, email_usuario ) VALUES (9222222226,'pessoaV@gmail.com');

INSERT INTO Telefone (numero, email_usuario ) VALUES (9222222227,'pessoaW@gmail.com');

INSERT INTO Telefone (numero, email_usuario ) VALUES (9222222228,'pessoaX@gmail.com');

INSERT INTO Telefone (numero, email_usuario ) VALUES (9222222229,'pessoaY@gmail.com');

INSERT INTO Telefone (numero, email_usuario ) VALUES (9222222220,'pessoaZ@gmail.com');

INSERT INTO Telefone (numero, email_usuario ) VALUES (9333333331,'pessoaAB@gmail.com');

INSERT INTO Telefone (numero, email_usuario ) VALUES (9333333332,'pessoaAC@gmail.com');

INSERT INTO Telefone (numero, email_usuario ) VALUES (9333333334,'pessoaAC@gmail.com');

INSERT INTO Telefone (numero, email_usuario ) VALUES (9333333335,'pessoaAD@gmail.com');

INSERT INTO Telefone (numero, email_usuario ) VALUES (9333333336,'pessoaAE@gmail.com');

INSERT INTO Telefone (numero, email_usuario ) VALUES (9333333337,'pessoaAF@gmail.com');

INSERT INTO Telefone (numero, email_usuario) VALUES (9333333337, 'joao@email.com');

INSERT INTO Telefone (numero, email_usuario) VALUES (9444444444, 'maria@email.com');

INSERT INTO Telefone (numero, email_usuario) VALUES (9555555555, 'pedro@email.com');

INSERT INTO Telefone (numero, email_usuario) VALUES (9666666666, 'ana@email.com');

INSERT INTO Telefone (numero, email_usuario) VALUES (9777777777, 'carlos@email.com');

INSERT INTO Telefone (numero, email_usuario) VALUES (9888888888, 'lucas@email.com');

INSERT INTO Telefone (numero, email_usuario) VALUES (9999999999, 'marina@email.com');

INSERT INTO Telefone (numero, email_usuario) VALUES (9101010101, 'gabriel@email.com');

INSERT INTO Telefone (numero, email_usuario) VALUES (9222222222, 'julia@email.com');

INSERT INTO Telefone (numero, email_usuario) VALUES (9333333333, 'rafael@email.com');



--Inserindo Cliente

INSERT INTO Cliente (email_usuario, data_criacao_conta ) VALUES ('pessoaA@gmail.com', TO_DATE('2017-10-12', 'YYYY-MM-DD'));

INSERT INTO Cliente (email_usuario, data_criacao_conta ) VALUES ('pessoaB@gmail.com', TO_DATE('2000-01-20', 'YYYY-MM-DD'));

INSERT INTO Cliente (email_usuario, data_criacao_conta ) VALUES ('pessoaC@gmail.com', TO_DATE('1975-01-31', 'YYYY-MM-DD'));

INSERT INTO Cliente (email_usuario, data_criacao_conta ) VALUES ('pessoaD@gmail.com', TO_DATE('2002-03-19', 'YYYY-MM-DD'));

INSERT INTO Cliente (email_usuario, data_criacao_conta ) VALUES ('pessoaE@gmail.com', TO_DATE('1999-03-25', 'YYYY-MM-DD'));

INSERT INTO Cliente (email_usuario, data_criacao_conta ) VALUES ('pessoaF@gmail.com', TO_DATE('2003-03-26', 'YYYY-MM-DD'));

INSERT INTO Cliente (email_usuario, data_criacao_conta ) VALUES ('pessoaG@gmail.com', TO_DATE('1988-04-01', 'YYYY-MM-DD'));

INSERT INTO Cliente (email_usuario, data_criacao_conta ) VALUES ('pessoaH@gmail.com', TO_DATE('2001-04-06', 'YYYY-MM-DD'));

INSERT INTO Cliente (email_usuario, data_criacao_conta ) VALUES ('pessoaI@gmail.com', TO_DATE('1998-04-18', 'YYYY-MM-DD'));

INSERT INTO Cliente (email_usuario, data_criacao_conta ) VALUES ('pessoaJ@gmail.com', TO_DATE('2001-05-10', 'YYYY-MM-DD'));

INSERT INTO Cliente (email_usuario, data_criacao_conta ) VALUES ('pessoaK@gmail.com', TO_DATE('2000-01-20', 'YYYY-MM-DD'));

INSERT INTO Cliente (email_usuario, data_criacao_conta ) VALUES ('pessoaL@gmail.com', TO_DATE('2000-06-04', 'YYYY-MM-DD'));

INSERT INTO Cliente (email_usuario, data_criacao_conta ) VALUES ('pessoaM@gmail.com', TO_DATE('2000-01-20', 'YYYY-MM-DD'));

INSERT INTO Cliente (email_usuario, data_criacao_conta ) VALUES ('pessoaN@gmail.com', TO_DATE('1979-06-04', 'YYYY-MM-DD'));

INSERT INTO Cliente (email_usuario, data_criacao_conta ) VALUES ('pessoaO@gmail.com', TO_DATE('1979-09-18', 'YYYY-MM-DD'));

INSERT INTO Cliente (email_usuario, data_criacao_conta ) VALUES ('pessoaP@gmail.com', TO_DATE('1979-10-19', 'YYYY-MM-DD'));

--Inserindo Funcionario
INSERT INTO Funcionario (email_funcionario, cargo_func, data_contratacao, cad_supv)
VALUES ('joao@email.com', 'Vendedor', '2020-05-15 09:00:00', NULL);

INSERT INTO Funcionario (email_funcionario, cargo_func, data_contratacao, cad_supv)
VALUES ('maria@email.com', 'Analista Financeiro', '2019-10-22 14:30:00', NULL);

INSERT INTO Funcionario (email_funcionario, cargo_func, data_contratacao, cad_supv)
VALUES ('pedro@email.com', 'Analista de Estoque', '2021-03-10 11:45:00', NULL);

INSERT INTO Funcionario (email_funcionario, cargo_func, data_contratacao, cad_supv)
VALUES ('ana@email.com', 'Analista de Dados', '2018-07-05 08:15:00', NULL);

INSERT INTO Funcionario (email_funcionario, cargo_func, data_contratacao, cad_supv)
VALUES ('carlos@email.com', 'Gerente de Projetos', '2017-12-18 10:20:00', NULL);

INSERT INTO Funcionario (email_funcionario, cargo_func, data_contratacao, cad_supv)
VALUES ('lucas@email.com', 'Analista de Sistemas', '2022-01-03 13:10:00', NULL);

INSERT INTO Funcionario (email_funcionario, cargo_func, data_contratacao, cad_supv)
VALUES ('marina@email.com', 'Atendente', '2016-09-27 07:55:00', NULL);

INSERT INTO Funcionario (email_funcionario, cargo_func, data_contratacao, cad_supv)
VALUES ('gabriel@email.com', 'Analista de Marketing', '2020-08-12 15:25:00', NULL);

INSERT INTO Funcionario (email_funcionario, cargo_func, data_contratacao, cad_supv)
VALUES ('julia@email.com', 'Pesquisador de Mercado', '2023-02-08 12:30:00', NULL);

INSERT INTO Funcionario (email_funcionario, cargo_func, data_contratacao, cad_supv)
VALUES ('rafael@email.com', 'Desenvolvedor', '2019-04-19 16:40:00', NULL);



--Inserindo Assistencia 

INSERT INTO Assistencia (cnpj, data_inicio, descricao, status, equipamento)
VALUES ('34567890123456', TO_DATE('2023-07-23', 'YYYY-MM-DD'), 'Instalar o Pacote Office', 'Em andamento', 'Notebook');

INSERT INTO Assistencia (cnpj, data_inicio, descricao, status, equipamento)
VALUES ('45678901234567', TO_DATE('2023-07-24', 'YYYY-MM-DD'), 'Display quebrado', 'Concluído', 'Monitor');

INSERT INTO Assistencia (cnpj, data_inicio, descricao, status, equipamento)
VALUES ('56789012345678', TO_DATE('2023-07-25', 'YYYY-MM-DD'), 'Sinal fraco', 'Em andamento', 'Roteador');

INSERT INTO Assistencia (cnpj, data_inicio, descricao, status, equipamento)
VALUES ('12345678901234', TO_DATE('2023-07-21', 'YYYY-MM-DD'), 'Poeira interna e pasta térmica antiga', 'Em andamento', 'Computador');

INSERT INTO Assistencia (cnpj, data_inicio, descricao, status, equipamento)
VALUES ('23456789012345', TO_DATE('2023-07-22', 'YYYY-MM-DD'), 'Impressora com engasgo de papel', 'Concluído', 'Impressora');

INSERT INTO Assistencia (cnpj, data_inicio, descricao, status, equipamento)
VALUES ('12344672301454', TO_DATE('2023-05-21', 'YYYY-MM-DD'), 'Porta HDMI sem funcionar', 'Em andamento', 'Placa de Vídeo');

INSERT INTO Assistencia (cnpj, data_inicio, descricao, status, equipamento)
VALUES ('67890123456789', TO_DATE('2023-07-26', 'YYYY-MM-DD'), 'Problemas com o sistema operacional', 'Em andamento', 'Computador');

INSERT INTO Assistencia (cnpj, data_inicio, descricao, status, equipamento)
VALUES ('78901234567890', TO_DATE('2023-07-27', 'YYYY-MM-DD'), 'Problemas com a conexão de internet', 'Concluído', 'Roteador');

INSERT INTO Assistencia (cnpj, data_inicio, descricao, status, equipamento)
VALUES ('89012345678901', TO_DATE('2023-07-28', 'YYYY-MM-DD'), 'Teclas sem funcionar', 'Em andamento', 'Teclado');

INSERT INTO Assistencia (cnpj, data_inicio, descricao, status, equipamento)
VALUES ('90123456789012', TO_DATE('2023-07-29', 'YYYY-MM-DD'), 'Clique duplo', 'Concluído', 'Mouse');

--Inserindo Tipo Assistencia

INSERT INTO TipoAssistencia (tipo_assistencia, cnpj_assistencia)
VALUES ('Instalação de software', '34567890123456');

INSERT INTO TipoAssistencia (tipo_assistencia, cnpj_assistencia)
VALUES ('Substituição de peças', '45678901234567');

INSERT INTO TipoAssistencia (tipo_assistencia, cnpj_assistencia)
VALUES ('Configuração de rede', '56789012345678');

INSERT INTO TipoAssistencia (tipo_assistencia, cnpj_assistencia)
VALUES ('Manutenção preventiva', '12345678901234');

INSERT INTO TipoAssistencia (tipo_assistencia, cnpj_assistencia)
VALUES ('Reparo de hardware', '23456789012345');

INSERT INTO TipoAssistencia (tipo_assistencia, cnpj_assistencia)
VALUES ('Reparo de hardware', '12344672301454');

INSERT INTO TipoAssistencia (tipo_assistencia, cnpj_assistencia)
VALUES ('Reparo de software', '67890123456789');

INSERT INTO TipoAssistencia (tipo_assistencia, cnpj_assistencia)
VALUES ('Configuração de rede', '78901234567890');

INSERT INTO TipoAssistencia (tipo_assistencia, cnpj_assistencia)
VALUES ('Substituição de peças', '89012345678901');

INSERT INTO TipoAssistencia (tipo_assistencia, cnpj_assistencia)
VALUES ('Substituição de peças', '90123456789012');


--Inserindo Descricao

INSERT INTO Descricao (acoes_tomadas) VALUES ('Instalação do Pacote Office');

INSERT INTO Descricao (acoes_tomadas) VALUES ('Substituição do display quebrado');

INSERT INTO Descricao (acoes_tomadas) VALUES ('Melhoria do sinal do roteador');

INSERT INTO Descricao (acoes_tomadas) VALUES ('Limpeza interna e troca de pasta térmica');

INSERT INTO Descricao (acoes_tomadas) VALUES ('Desobstrução do mecanismo de papel');

INSERT INTO Descricao (acoes_tomadas) VALUES ('Reparo da porta HDMI');

INSERT INTO Descricao (acoes_tomadas) VALUES ('Correção de problemas com o sistema operacional');

INSERT INTO Descricao (acoes_tomadas) VALUES ('Melhoria da conexão de internet');

INSERT INTO Descricao (acoes_tomadas) VALUES ('Substituição de teclas quebradas');

INSERT INTO Descricao (acoes_tomadas) VALUES ('Correção do problema de clique duplo');

--Inserindo Protocolo_de_Atendimento

INSERT INTO Protocolo_de_Atendimento (codigo_protocolo, cnpj, desc_pro, acoes_tomadas, data_inicio, data_conclusao)
VALUES ('P001', '34567890123456', 1, 'Instalação do Pacote Office', TO_DATE('2023-07-23', 'YYYY-MM-DD'), TO_DATE('2023-07-24', 'YYYY-MM-DD'));

INSERT INTO Protocolo_de_Atendimento (codigo_protocolo, cnpj, desc_pro, acoes_tomadas, data_inicio, data_conclusao)
VALUES ('P002', '45678901234567', 2, 'Substituição do display quebrado', TO_DATE('2023-07-24', 'YYYY-MM-DD'), TO_DATE('2023-07-25', 'YYYY-MM-DD'));

INSERT INTO Protocolo_de_Atendimento (codigo_protocolo, cnpj, desc_pro, acoes_tomadas, data_inicio, data_conclusao)
VALUES ('P003', '56789012345678', 3, 'Troca das antenas do roteador', TO_DATE('2023-07-25', 'YYYY-MM-DD'), TO_DATE('2023-07-26', 'YYYY-MM-DD'));

INSERT INTO Protocolo_de_Atendimento (codigo_protocolo, cnpj, desc_pro, acoes_tomadas, data_inicio, data_conclusao)
VALUES ('P004', '12345678901234', 4, 'Limpeza interna e troca de pasta térmica', TO_DATE('2023-07-21', 'YYYY-MM-DD'), TO_DATE('2023-07-22', 'YYYY-MM-DD'));

INSERT INTO Protocolo_de_Atendimento (codigo_protocolo, cnpj, desc_pro, acoes_tomadas, data_inicio, data_conclusao)
VALUES ('P005', '23456789012345', 5, 'Desobstrução do mecanismo de papel', TO_DATE('2023-07-22', 'YYYY-MM-DD'), TO_DATE('2023-07-23', 'YYYY-MM-DD'));

INSERT INTO Protocolo_de_Atendimento (codigo_protocolo, cnpj, desc_pro, acoes_tomadas, data_inicio, data_conclusao)
VALUES ('P006', '12344672301454', 6, 'Troca da entrada HDMI e repato na placa', TO_DATE('2023-05-21', 'YYYY-MM-DD'), TO_DATE('2023-05-22', 'YYYY-MM-DD'));

INSERT INTO Protocolo_de_Atendimento (codigo_protocolo, cnpj, desc_pro, acoes_tomadas, data_inicio, data_conclusao)
VALUES ('P007', '67890123456789', 7, 'Backup e formatação do sistema', TO_DATE('2023-07-26', 'YYYY-MM-DD'), TO_DATE('2023-07-27', 'YYYY-MM-DD'));

INSERT INTO Protocolo_de_Atendimento (codigo_protocolo, cnpj, desc_pro, acoes_tomadas, data_inicio, data_conclusao)
VALUES ('P008', '78901234567890', 8, 'Limpeza e restauração para padrões de fábrica', TO_DATE('2023-07-27', 'YYYY-MM-DD'), TO_DATE('2023-07-28', 'YYYY-MM-DD'));

INSERT INTO Protocolo_de_Atendimento (codigo_protocolo, cnpj, desc_pro, acoes_tomadas, data_inicio, data_conclusao)
VALUES ('P009', '89012345678901', 9, 'Substituição de teclas quebradas', TO_DATE('2023-07-28', 'YYYY-MM-DD'), TO_DATE('2023-07-29', 'YYYY-MM-DD'));

INSERT INTO Protocolo_de_Atendimento (codigo_protocolo, cnpj, desc_pro, acoes_tomadas, data_inicio, data_conclusao)
VALUES ('P010', '90123456789012', 10, 'Botão trocado', TO_DATE('2023-07-29', 'YYYY-MM-DD'), TO_DATE('2023-07-30', 'YYYY-MM-DD'));

-- Inserindo Relatorio
INSERT INTO Relatorio (codigo_relatorio, email_funcionario, protocolo, descricao)
VALUES ('REL001', 'joao@email.com', 'PROTO001', 'Relatório de vendas do mês');

INSERT INTO Relatorio (codigo_relatorio, email_funcionario, protocolo, descricao)
VALUES ('REL002', 'maria@email.com', 'PROTO002', 'Relatório de desempenho do setor financeiro');

INSERT INTO Relatorio (codigo_relatorio, email_funcionario, protocolo, descricao)
VALUES ('REL003', 'pedro@email.com', 'PROTO001', 'Relatório de estoque atualizado');

INSERT INTO Relatorio (codigo_relatorio, email_funcionario, protocolo, descricao)
VALUES ('REL004', 'ana@email.com', 'PROTO003', 'Relatório de análise de dados');

INSERT INTO Relatorio (codigo_relatorio, email_funcionario, protocolo, descricao)
VALUES ('REL005', 'carlos@email.com', 'PROTO002', 'Relatório de avaliação de projetos');

INSERT INTO Relatorio (codigo_relatorio, email_funcionario, protocolo, descricao)
VALUES ('REL006', 'lucas@email.com', 'PROTO004', 'Relatório de monitoramento de sistemas');

INSERT INTO Relatorio (codigo_relatorio, email_funcionario, protocolo, descricao)
VALUES ('REL007', 'marina@email.com', 'PROTO001', 'Relatório de atendimento ao cliente');

INSERT INTO Relatorio (codigo_relatorio, email_funcionario, protocolo, descricao)
VALUES ('REL008', 'gabriel@email.com', 'PROTO003', 'Relatório de marketing digital');

INSERT INTO Relatorio (codigo_relatorio, email_funcionario, protocolo, descricao)
VALUES ('REL009', 'julia@email.com', 'PROTO004', 'Relatório de pesquisa de mercado');

INSERT INTO Relatorio (codigo_relatorio, email_funcionario, protocolo, descricao)
VALUES ('REL010', 'rafael@email.com', 'PROTO002', 'Relatório de desenvolvimento de produtos');

-- Inserindo Servico
INSERT INTO Servico (codigo_servico, email_funcionario, protocolo, status, data_inicio, data_conclusao)
VALUES ('SERV001', 'joao@email.com', 'PROTO001', 'Em andamento', TO_DATE('2023-07-20', 'YYYY-MM-DD'), NULL);

INSERT INTO Servico (codigo_servico, email_funcionario, protocolo, status, data_inicio, data_conclusao)
VALUES ('SERV002', 'maria@email.com', 'PROTO002', 'Concluído', TO_DATE('2023-07-15', 'YYYY-MM-DD'), TO_DATE('2023-07-18', 'YYYY-MM-DD'));

INSERT INTO Servico (codigo_servico, email_funcionario, protocolo, status, data_inicio, data_conclusao)
VALUES ('SERV003', 'pedro@email.com', 'PROTO003', 'Pendente', TO_DATE('2023-07-19', 'YYYY-MM-DD'), NULL);

INSERT INTO Servico (codigo_servico, email_funcionario, protocolo, status, data_inicio, data_conclusao)
VALUES ('SERV004', 'ana@email.com', 'PROTO002', 'Em andamento', TO_DATE('2023-07-18', 'YYYY-MM-DD'), NULL);

INSERT INTO Servico (codigo_servico, email_funcionario, protocolo, status, data_inicio, data_conclusao)
VALUES ('SERV005', 'carlos@email.com', 'PROTO004', 'Concluído', TO_DATE('2023-07-12', 'YYYY-MM-DD'), TO_DATE('2023-07-14', 'YYYY-MM-DD'));

INSERT INTO Servico (codigo_servico, email_funcionario, protocolo, status, data_inicio, data_conclusao)
VALUES ('SERV006', 'lucas@email.com', 'PROTO001', 'Pendente', TO_DATE('2023-07-16', 'YYYY-MM-DD'), NULL);

INSERT INTO Servico (codigo_servico, email_funcionario, protocolo, status, data_inicio, data_conclusao)
VALUES ('SERV007', 'marina@email.com', 'PROTO003', 'Concluído', TO_DATE('2023-07-10', 'YYYY-MM-DD'), TO_DATE('2023-07-12', 'YYYY-MM-DD'));

INSERT INTO Servico (codigo_servico, email_funcionario, protocolo, status, data_inicio, data_conclusao)
VALUES ('SERV008', 'gabriel@email.com', 'PROTO004', 'Em andamento', TO_DATE('2023-07-17', 'YYYY-MM-DD'), NULL);

INSERT INTO Servico (codigo_servico, email_funcionario, protocolo, status, data_inicio, data_conclusao)
VALUES ('SERV009', 'marina@email.com', 'PROTO002', 'Pendente', TO_DATE('2023-07-20', 'YYYY-MM-DD'), NULL);

INSERT INTO Servico (codigo_servico, email_funcionario, protocolo, status, data_inicio, data_conclusao)
VALUES ('SERV010', 'carlos@email.com', 'PROTO001', 'Concluído', TO_DATE('2023-07-14', 'YYYY-MM-DD'), TO_DATE('2023-07-15', 'YYYY-MM-DD'));
