--Inserindo Endereço

INSERT INTO Endereco (cep, bairro, rua) VALUES ('56800-000','RUA NOVA', 'RUA 2');

INSERT INTO Endereco (cep, bairro, rua) VALUES ('11111-111','Bairro A', 'Rua A');

INSERT INTO Endereco (cep, bairro, rua) VALUES ('22222-222','Bairro B', 'Rua B');

INSERT INTO Endereco (cep, bairro, rua) VALUES ('33333-333','Bairro C', 'Rua C');

INSERT INTO Endereco (cep, bairro, rua) VALUES ('44444-444','Bairro D', 'Rua D');

INSERT INTO Endereco (cep, bairro, rua) VALUES ('55555-555','Bairro E', 'Rua E');

INSERT INTO Endereco (cep, bairro, rua) VALUES ('66666-666','Bairro F', 'Rua F');

INSERT INTO Endereco (cep, bairro, rua) VALUES ('77777-777','Bairro G', 'Rua G');

INSERT INTO Endereco (cep, bairro, rua) VALUES ('88888-888','Bairro H', 'Rua H');

INSERT INTO Endereco (cep, bairro, rua) VALUES ('99999-999','Bairro I', 'Rua I');

INSERT INTO Endereco (cep, bairro, rua) VALUES ('00000-000','Bairro J', 'Rua J');

INSERT INTO Endereco (cep, bairro, rua) VALUES ('11112-112','Bairro K', 'Rua K');

INSERT INTO Endereco (cep, bairro, rua) VALUES ('11113-113','Bairro L', 'Rua L');

INSERT INTO Endereco (cep, bairro, rua) VALUES ('11114-114','Bairro M', 'Rua M');

INSERT INTO Endereco (cep, bairro, rua) VALUES ('11111-115','Bairro N', 'Rua N');

INSERT INTO Endereco (cep, bairro, rua) VALUES ('11111-116','Bairro O', 'Rua O');

INSERT INTO Endereco (cep, bairro, rua) VALUES ('11111-117','Bairro P', 'Rua P');

INSERT INTO Endereco (cep, bairro, rua) VALUES ('11111-118','Bairro Q', 'Rua Q');

INSERT INTO Endereco (cep, bairro, rua) VALUES ('11111-119','Bairro R', 'Rua R');

INSERT INTO Endereco (cep, bairro, rua) VALUES ('11111-110','Bairro S', 'Rua S');

INSERT INTO Endereco (cep, bairro, rua) VALUES ('22222-221','Bairro T', 'Rua T');

INSERT INTO Endereco (cep, bairro, rua) VALUES ('22222-223','Bairro U', 'Rua U');

INSERT INTO Endereco (cep, bairro, rua) VALUES ('22222-224','Bairro V', 'Rua V');

INSERT INTO Endereco (cep, bairro, rua) VALUES ('22222-225','Bairro W', 'Rua W');

INSERT INTO Endereco (cep, bairro, rua) VALUES ('22222-226','Bairro X', 'Rua X');

INSERT INTO Endereco (cep, bairro, rua) VALUES ('22222-227','Bairro Y', 'Rua Y');

INSERT INTO Endereco (cep, bairro, rua) VALUES ('22222-228','Bairro Z', 'Rua Z');

INSERT INTO Endereco (cep, bairro, rua) VALUES ('22222-229','Bairro AB', 'Rua AB');

INSERT INTO Endereco (cep, bairro, rua) VALUES ('22222-220','Bairro AC', 'Rua AC');

INSERT INTO Endereco (cep, bairro, rua) VALUES ('33333-331','Bairro AD', 'Rua AD');

INSERT INTO Endereco (cep, bairro, rua) VALUES ('33333-332','Bairro AD', 'Rua AD');

INSERT INTO Endereco (cep, bairro, rua) VALUES ('12345-678', 'Bairro João', 'Rua da Silva');

INSERT INTO Endereco (cep, bairro, rua) VALUES ('45678-901', 'Bairro Pedro', 'Rua da Amizade');

INSERT INTO Endereco (cep, bairro, rua) VALUES ('54321-098', 'Bairro Ana', 'Rua do Progresso');

INSERT INTO Endereco (cep, bairro, rua) VALUES ('13579-246', 'Bairro Carlos', 'Rua do Sol');

INSERT INTO Endereco (cep, bairro, rua) VALUES ('98765-432', 'Bairro Lucas', 'Rua das Flores');

INSERT INTO Endereco (cep, bairro, rua) VALUES ('56789-012', 'Bairro Marina', 'Rua do Mar');

INSERT INTO Endereco (cep, bairro, rua) VALUES ('55689-042', 'Bairro Varla', 'Rua do LOL');

INSERT INTO Endereco (cep, bairro, rua) VALUES ('01522-249', 'Bairro Joao Macedo', 'Rua da Caixa');


--Inserindo Usuário

INSERT INTO Usuario (email, senha, nome, idade, cep, numero, complemento ) VALUES ('pessoaA@gmail.com','AAAAAA','Pessoa A', 18, '56800-000', '1', 'perto de A');

INSERT INTO Usuario (email, senha, nome, idade, cep, numero, complemento ) VALUES ('pessoaB@gmail.com','BBBBBB','Pessoa B', 19, '11111-111', '2', 'perto de B');

INSERT INTO Usuario (email, senha, nome, idade, cep, numero, complemento ) VALUES ('pessoaC@gmail.com','CCCCCC','Pessoa C', 20, '22222-222', '3', 'perto de C');

INSERT INTO Usuario (email, senha, nome, idade, cep, numero, complemento ) VALUES ('pessoaD@gmail.com','DDDDDD','Pessoa D', 21, '33333-333', '4', 'perto de D');

INSERT INTO Usuario (email, senha, nome, idade, cep, numero, complemento ) VALUES ('pessoaE@gmail.com','EEEEEE','Pessoa E', 22, '44444-444', '5', 'perto de E');

INSERT INTO Usuario (email, senha, nome, idade, cep, numero, complemento ) VALUES ('pessoaF@gmail.com','FFFFFF','Pessoa F', 23, '55555-555', '6', 'perto de F');

INSERT INTO Usuario (email, senha, nome, idade, cep, numero, complemento ) VALUES ('pessoaG@gmail.com','GGGGGG','Pessoa G', 24, '66666-666', '7', 'perto de G');

INSERT INTO Usuario (email, senha, nome, idade, cep, numero, complemento ) VALUES ('pessoaH@gmail.com','HHHHHH','Pessoa H', 25, '77777-777', '8', 'perto de H');

INSERT INTO Usuario (email, senha, nome, idade, cep, numero, complemento ) VALUES ('pessoaI@gmail.com','IIIIII','Pessoa I', 26, '88888-888', '9', 'perto de I');

INSERT INTO Usuario (email, senha, nome, idade, cep, numero, complemento ) VALUES ('pessoaJ@gmail.com','JJJJJJ','Pessoa J', 27, '99999-999', '10', 'perto de J');

INSERT INTO Usuario (email, senha, nome, idade, cep, numero, complemento ) VALUES ('pessoaK@gmail.com','KKKKKK','Pessoa K', 28, '00000-000', '11', 'perto de K');

INSERT INTO Usuario (email, senha, nome, idade, cep, numero, complemento ) VALUES ('pessoaL@gmail.com','LLLLLL','Pessoa L', 29, '11112-112', '12', 'perto de L');

INSERT INTO Usuario (email, senha, nome, idade, cep, numero, complemento ) VALUES ('pessoaM@gmail.com','MMMMMM','Pessoa M', 30, '11113-113', '13', 'perto de M');

INSERT INTO Usuario (email, senha, nome, idade, cep, numero, complemento ) VALUES ('pessoaN@gmail.com','NNNNNN','Pessoa N', 31, '11114-114', '14', 'perto de N');

INSERT INTO Usuario (email, senha, nome, idade, cep, numero, complemento ) VALUES ('pessoaO@gmail.com','OOOOOO','Pessoa O', 31, '11111-115', '15', 'perto de O');

INSERT INTO Usuario (email, senha, nome, idade, cep, numero, complemento ) VALUES ('pessoaP@gmail.com','PPPPPP','Pessoa P', 32, '11111-116', '16', 'perto de P');

INSERT INTO Usuario (email, senha, nome, idade, cep, numero, complemento ) VALUES ('pessoaQ@gmail.com','QQQQQQ','Pessoa Q', 33, '11111-117', '17', 'perto de Q');

INSERT INTO Usuario (email, senha, nome, idade, cep, numero, complemento ) VALUES ('pessoaR@gmail.com','RRRRRR','Pessoa R', 34, '11111-118', '18', 'perto de R');

INSERT INTO Usuario (email, senha, nome, idade, cep, numero, complemento ) VALUES ('pessoaS@gmail.com','SSSSSS','Pessoa S', 35, '11111-119', '19', 'perto de S');

INSERT INTO Usuario (email, senha, nome, idade, cep, numero, complemento ) VALUES ('pessoaT@gmail.com','TTTTTT','Pessoa T', 36, '11111-110', '20', 'perto de T');

INSERT INTO Usuario (email, senha, nome, idade, cep, numero, complemento ) VALUES ('pessoaU@gmail.com','UUUUUU','Pessoa U', 36, '22222-221', '21', 'perto de U');

INSERT INTO Usuario (email, senha, nome, idade, cep, numero, complemento ) VALUES ('pessoaV@gmail.com','VVVVVV','Pessoa V', 36, '22222-223', '22', 'perto de V');

INSERT INTO Usuario (email, senha, nome, idade, cep, numero, complemento ) VALUES ('pessoaX@gmail.com','XXXXXX','Pessoa X', 36, '22222-224', '23', 'perto de X');

INSERT INTO Usuario (email, senha, nome, idade, cep, numero, complemento ) VALUES ('pessoaY@gmail.com','YYYYYY','Pessoa Y', 18, '22222-225', '24', 'perto de Z');

INSERT INTO Usuario (email, senha, nome, idade, cep, numero, complemento ) VALUES ('pessoaW@gmail.com','WWWWWW','Pessoa W', 35, '22222-226', '25', 'perto de W');

INSERT INTO Usuario (email, senha, nome, idade, cep, numero, complemento ) VALUES ('pessoaZ@gmail.com','ZZZZZZ','Pessoa Z', 35, '22222-227', '26', 'perto de Z');

INSERT INTO Usuario (email, senha, nome, idade, cep, numero, complemento ) VALUES ('pessoaAB@gmail.com','ABABAB','Pessoa AB', 37, '22222-228', '27', 'perto de AB');

INSERT INTO Usuario (email, senha, nome, idade, cep, numero, complemento ) VALUES ('pessoaAC@gmail.com','ACACAC','Pessoa AC', 35, '22222-229', '28', 'perto de AC');

INSERT INTO Usuario (email, senha, nome, idade, cep, numero, complemento ) VALUES ('pessoaAD@gmail.com','ADADAD','Pessoa AD', 35, '22222-220', '29', 'perto de AD');

INSERT INTO Usuario (email, senha, nome, idade, cep, numero, complemento ) VALUES ('pessoaAE@gmail.com','AEAEAE','Pessoa AE', 35, '33333-331', '30', 'perto de AE');

INSERT INTO Usuario (email, senha, nome, idade, cep, numero, complemento ) VALUES ('pessoaAF@gmail.com','AFAFAF','Pessoa AF', 35, '33333-332', '31', 'perto de AF');

INSERT INTO Usuario (email, senha, nome, idade, cep, numero, complemento) VALUES ('joao@email.com', 'senha123', 'João Silva', 28, '12345-678', '10', 'Apto 101');

INSERT INTO Usuario (email, senha, nome, idade, cep, numero, complemento) VALUES ('maria@email.com', 'mypass456', 'Maria Souza', 32, '98765-432', '25', 'Casa B');

INSERT INTO Usuario (email, senha, nome, idade, cep, numero, complemento) VALUES ('pedro@email.com', 'senha123', 'Pedro Martins', 30, '45678-901', '50', 'Bloco C, Ap. 305');

INSERT INTO Usuario (email, senha, nome, idade, cep, numero, complemento) VALUES ('ana@email.com', 'mypassword', 'Ana Oliveira', 25, '54321-098', '7', 'Sala 12');

INSERT INTO Usuario (email, senha, nome, idade, cep, numero, complemento) VALUES ('carlos@email.com', 'carlos123', 'Carlos Santos', 35, '13579-246', '18', 'Casa Azul');

INSERT INTO Usuario (email, senha, nome, idade, cep, numero, complemento) VALUES ('lucas@email.com', 'lucas456', 'Lucas Mendes', 29, '98765-432', '100', 'Apartamento 202');

INSERT INTO Usuario (email, senha, nome, idade, cep, numero, complemento) VALUES ('marina@email.com', 'senhaMarina', 'Marina Almeida', 27, '56789-012', '40', 'Bloco A, Ap. 15');

INSERT INTO Usuario (email, senha, nome, idade, cep, numero, complemento) VALUES ('gabriel@email.com', 'senha123', 'Gabriel Costa', 31, '98765-432', '5', 'Sala 7');

INSERT INTO Usuario (email, senha, nome, idade, cep, numero, complemento) VALUES ('julia@email.com', 'senha123w', 'Juliana Marian', 35, '55689-042', '5', 'Sala 7');

INSERT INTO Usuario (email, senha, nome, idade, cep, numero, complemento) VALUES ('rafael@email.com', 'sewwha123w', 'Rafael café', 35, '01522-249', '5', 'Sala 1');



--Inserindo Telefone

INSERT INTO Telefone (numero, email_usuario ) VALUES (9981815244,'pessoaA@gmail.com');

INSERT INTO Telefone (numero, email_usuario ) VALUES (9111111111,'pessoaB@gmail.com');

INSERT INTO Telefone (numero, email_usuario ) VALUES (9222222222,'pessoaC@gmail.com');

INSERT INTO Telefone (numero, email_usuario ) VALUES (9333333333,'pessoaD@gmail.com');

INSERT INTO Telefone (numero, email_usuario ) VALUES (9444444444,'pessoaE@gmail.com');

INSERT INTO Telefone (numero, email_usuario ) VALUES (9555555555,'pessoaF@gmail.com');

INSERT INTO Telefone (numero, email_usuario ) VALUES (9666666666,'pessoaG@gmail.com');

INSERT INTO Telefone (numero, email_usuario ) VALUES (9777777777,'pessoaH@gmail.com');

INSERT INTO Telefone (numero, email_usuario ) VALUES (9888888888,'pessoaI@gmail.com');

INSERT INTO Telefone (numero, email_usuario ) VALUES (9000000000,'pessoaJ@gmail.com');

INSERT INTO Telefone (numero, email_usuario ) VALUES (9111111112,'pessoaK@gmail.com');

INSERT INTO Telefone (numero, email_usuario ) VALUES (9111111113,'pessoaL@gmail.com');

INSERT INTO Telefone (numero, email_usuario ) VALUES (9111111114,'pessoaM@gmail.com');

INSERT INTO Telefone (numero, email_usuario ) VALUES (9111111115,'pessoaN@gmail.com');

INSERT INTO Telefone (numero, email_usuario ) VALUES (9111111116,'pessoaO@gmail.com');

INSERT INTO Telefone (numero, email_usuario ) VALUES (9111111117,'pessoaP@gmail.com');

INSERT INTO Telefone (numero, email_usuario ) VALUES (9111111118,'pessoaP@gmail.com');

INSERT INTO Telefone (numero, email_usuario ) VALUES (9111111119,'pessoaP@gmail.com');

INSERT INTO Telefone (numero, email_usuario ) VALUES (9111111110,'pessoaQ@gmail.com');

INSERT INTO Telefone (numero, email_usuario ) VALUES (9222222221,'pessoaR@gmail.com');

INSERT INTO Telefone (numero, email_usuario ) VALUES (9222222223,'pessoaS@gmail.com');

INSERT INTO Telefone (numero, email_usuario ) VALUES (9222222224,'pessoaT@gmail.com');

INSERT INTO Telefone (numero, email_usuario ) VALUES (9222222225,'pessoaU@gmail.com');

INSERT INTO Telefone (numero, email_usuario ) VALUES (9222222226,'pessoaV@gmail.com');

INSERT INTO Telefone (numero, email_usuario ) VALUES (9222222227,'pessoaW@gmail.com');

INSERT INTO Telefone (numero, email_usuario ) VALUES (9222222228,'pessoaX@gmail.com');

INSERT INTO Telefone (numero, email_usuario ) VALUES (9222222229,'pessoaY@gmail.com');

INSERT INTO Telefone (numero, email_usuario ) VALUES (9222222220,'pessoaZ@gmail.com');

INSERT INTO Telefone (numero, email_usuario ) VALUES (9333333331,'pessoaAB@gmail.com');

INSERT INTO Telefone (numero, email_usuario ) VALUES (9333333332,'pessoaAC@gmail.com');

INSERT INTO Telefone (numero, email_usuario ) VALUES (9333333334,'pessoaAC@gmail.com');

INSERT INTO Telefone (numero, email_usuario ) VALUES (9333333335,'pessoaAD@gmail.com');

INSERT INTO Telefone (numero, email_usuario ) VALUES (9333333336,'pessoaAE@gmail.com');

INSERT INTO Telefone (numero, email_usuario ) VALUES (9333333337,'pessoaAF@gmail.com');

INSERT INTO Telefone (numero, email_usuario) VALUES (9333333337, 'joao@email.com');

INSERT INTO Telefone (numero, email_usuario) VALUES (9444444444, 'maria@email.com');

INSERT INTO Telefone (numero, email_usuario) VALUES (9555555555, 'pedro@email.com');

INSERT INTO Telefone (numero, email_usuario) VALUES (9666666666, 'ana@email.com');

INSERT INTO Telefone (numero, email_usuario) VALUES (9777777777, 'carlos@email.com');

INSERT INTO Telefone (numero, email_usuario) VALUES (9888888888, 'lucas@email.com');

INSERT INTO Telefone (numero, email_usuario) VALUES (9999999999, 'marina@email.com');

INSERT INTO Telefone (numero, email_usuario) VALUES (9101010101, 'gabriel@email.com');

INSERT INTO Telefone (numero, email_usuario) VALUES (9222222222, 'julia@email.com');

INSERT INTO Telefone (numero, email_usuario) VALUES (9333333333, 'rafael@email.com');



--Inserindo Cliente

INSERT INTO Cliente (email_usuario, data_criacao_conta ) VALUES ('pessoaA@gmail.com', TO_DATE('2017-10-12', 'YYYY-MM-DD'));

INSERT INTO Cliente (email_usuario, data_criacao_conta ) VALUES ('pessoaB@gmail.com', TO_DATE('2000-01-20', 'YYYY-MM-DD'));

INSERT INTO Cliente (email_usuario, data_criacao_conta ) VALUES ('pessoaC@gmail.com', TO_DATE('1975-01-31', 'YYYY-MM-DD'));

INSERT INTO Cliente (email_usuario, data_criacao_conta ) VALUES ('pessoaD@gmail.com', TO_DATE('2002-03-19', 'YYYY-MM-DD'));

INSERT INTO Cliente (email_usuario, data_criacao_conta ) VALUES ('pessoaE@gmail.com', TO_DATE('1999-03-25', 'YYYY-MM-DD'));

INSERT INTO Cliente (email_usuario, data_criacao_conta ) VALUES ('pessoaF@gmail.com', TO_DATE('2003-03-26', 'YYYY-MM-DD'));

INSERT INTO Cliente (email_usuario, data_criacao_conta ) VALUES ('pessoaG@gmail.com', TO_DATE('1988-04-01', 'YYYY-MM-DD'));

INSERT INTO Cliente (email_usuario, data_criacao_conta ) VALUES ('pessoaH@gmail.com', TO_DATE('2001-04-06', 'YYYY-MM-DD'));

INSERT INTO Cliente (email_usuario, data_criacao_conta ) VALUES ('pessoaI@gmail.com', TO_DATE('1998-04-18', 'YYYY-MM-DD'));

INSERT INTO Cliente (email_usuario, data_criacao_conta ) VALUES ('pessoaJ@gmail.com', TO_DATE('2001-05-10', 'YYYY-MM-DD'));

INSERT INTO Cliente (email_usuario, data_criacao_conta ) VALUES ('pessoaK@gmail.com', TO_DATE('2000-01-20', 'YYYY-MM-DD'));

INSERT INTO Cliente (email_usuario, data_criacao_conta ) VALUES ('pessoaL@gmail.com', TO_DATE('2000-06-04', 'YYYY-MM-DD'));

INSERT INTO Cliente (email_usuario, data_criacao_conta ) VALUES ('pessoaM@gmail.com', TO_DATE('2000-01-20', 'YYYY-MM-DD'));

INSERT INTO Cliente (email_usuario, data_criacao_conta ) VALUES ('pessoaN@gmail.com', TO_DATE('1979-06-04', 'YYYY-MM-DD'));

INSERT INTO Cliente (email_usuario, data_criacao_conta ) VALUES ('pessoaO@gmail.com', TO_DATE('1979-09-18', 'YYYY-MM-DD'));

INSERT INTO Cliente (email_usuario, data_criacao_conta ) VALUES ('pessoaP@gmail.com', TO_DATE('1979-10-19', 'YYYY-MM-DD'));

-- Inserindo Cargos

INSERT INTO Cargos(cargo, salario) VALUES ('Suporte', 'R$2.000,00');

INSERT INTO Cargos(cargo, salario) VALUES ('Gerente', 'R$20.000,00');

INSERT INTO Cargos(cargo, salario) VALUES ('Supervisor', 'R$10.000,00');

INSERT INTO Cargos(cargo, salario) VALUES ('Estagiário', 'R$100,00');

INSERT INTO Cargos(cargo, salario) VALUES ('Digital Influencer', 'R$50.000,00');

INSERT INTO Cargos(cargo, salario) VALUES ('Filho do dono', 'R$15.000,00');

INSERT INTO Cargos(cargo, salario) VALUES ('Programador', 'R$5.000,00');

INSERT INTO Cargos(cargo, salario) VALUES ('Vendedor', 'R$1.500,00');

INSERT INTO Cargos(cargo, salario) VALUES ('Caixa', 'R$1.000,00');

INSERT INTO Cargos(cargo, salario) VALUES ('Pesquisador de Mercado', 'R$3.000,00');

INSERT INTO Cargos(cargo, salario) VALUES ('Analista', 'R$4.000,00');


--Inserindo Funcionario

INSERT INTO Funcionario(email_funcionario, cargo_func, data_contratacao, cad_supv)
VALUES ('pessoaQ@gmail.com', 'Supervisor', TO_DATE('2019-05-03', 'YYYY-MM-DD'), NULL);

INSERT INTO Funcionario(email_funcionario, cargo_func, data_contratacao, cad_supv) 
VALUES ('pessoaR@gmail.com', 'Supervisor', TO_DATE('2017-01-24', 'YYYY-MM-DD'), NULL);

INSERT INTO Funcionario (email_funcionario, cargo_func, data_contratacao, cad_supv)
VALUES ('carlos@email.com', 'Supervisor', TO_DATE('2013-04-19', 'YYYY-MM-DD'), NULL);

INSERT INTO Funcionario (email_funcionario, cargo_func, data_contratacao, cad_supv)
VALUES ('joao@email.com', 'Vendedor', TO_DATE('2020-12-08', 'YYYY-MM-DD'), 'pessoaQ@gmail.com');

INSERT INTO Funcionario (email_funcionario, cargo_func, data_contratacao, cad_supv)
VALUES ('maria@email.com', 'Analista', TO_DATE('2023-01-14', 'YYYY-MM-DD'), 'carlos@email.com');

INSERT INTO Funcionario (email_funcionario, cargo_func, data_contratacao, cad_supv)
VALUES ('pedro@email.com', 'Analista', TO_DATE('2010-08-19', 'YYYY-MM-DD'), 'carlos@email.com');

INSERT INTO Funcionario (email_funcionario, cargo_func, data_contratacao, cad_supv)
VALUES ('ana@email.com', 'Analista', TO_DATE('2012-05-19', 'YYYY-MM-DD'), 'carlos@email.com');

INSERT INTO Funcionario (email_funcionario, cargo_func, data_contratacao, cad_supv)
VALUES ('lucas@email.com', 'Analista', TO_DATE('2001-08-19', 'YYYY-MM-DD'), 'carlos@email.com');

INSERT INTO Funcionario (email_funcionario, cargo_func, data_contratacao, cad_supv)
VALUES ('marina@email.com', 'Vendedor', TO_DATE('2019-09-02', 'YYYY-MM-DD'), 'pessoaQ@gmail.com');

INSERT INTO Funcionario (email_funcionario, cargo_func, data_contratacao, cad_supv)
VALUES ('gabriel@email.com', 'Analista', TO_DATE('2013-04-19', 'YYYY-MM-DD'), 'carlos@email.com');

INSERT INTO Funcionario (email_funcionario, cargo_func, data_contratacao, cad_supv)
VALUES ('julia@email.com', 'Pesquisador de Mercado', TO_DATE('2015-03-08', 'YYYY-MM-DD'), 'carlos@email.com');

INSERT INTO Funcionario (email_funcionario, cargo_func, data_contratacao, cad_supv)
VALUES ('rafael@email.com', 'Programador', TO_DATE('2019-04-19', 'YYYY-MM-DD'), 'pessoaR@gmail.com');

INSERT INTO Funcionario(email_funcionario, cargo_func, data_contratacao, cad_supv) 
VALUES ('pessoaS@gmail.com', 'Digital Influencer', TO_DATE('2022-07-16', 'YYYY-MM-DD'), NULL);

INSERT INTO Funcionario(email_funcionario, cargo_func, data_contratacao, cad_supv) 
VALUES ('pessoaT@gmail.com', 'Caixa', TO_DATE('2018-08-13', 'YYYY-MM-DD'), 'pessoaQ@gmail.com');

INSERT INTO Funcionario(email_funcionario, cargo_func, data_contratacao, cad_supv)
VALUES ('pessoaU@gmail.com', 'Vendedor', TO_DATE('2019-07-03', 'YYYY-MM-DD'), 'pessoaQ@gmail.com');

INSERT INTO Funcionario(email_funcionario, cargo_func, data_contratacao, cad_supv)
VALUES ('pessoaV@gmail.com', 'Programador', TO_DATE('2017-06-07', 'YYYY-MM-DD'), 'pessoaR@gmail.com');

INSERT INTO Funcionario(email_funcionario, cargo_func, data_contratacao, cad_supv) 
VALUES ('pessoaW@gmail.com', 'Programador', TO_DATE('2019-04-08', 'YYYY-MM-DD'), 'pessoaR@gmail.com');

INSERT INTO Funcionario(email_funcionario, cargo_func, data_contratacao, cad_supv) 
VALUES ('pessoaX@gmail.com', 'Estagiário', TO_DATE('2022-09-30', 'YYYY-MM-DD'), 'pessoaQ@gmail.com');

INSERT INTO Funcionario(email_funcionario, cargo_func, data_contratacao, cad_supv)
VALUES ('pessoaY@gmail.com', 'Filho do dono', TO_DATE('2023-03-08', 'YYYY-MM-DD'), NULL);

INSERT INTO Funcionario(email_funcionario, cargo_func, data_contratacao, cad_supv)
VALUES ('pessoaZ@gmail.com', 'Gerente', TO_DATE('2017-09-25', 'YYYY-MM-DD'), NULL);

INSERT INTO Funcionario(email_funcionario, cargo_func, data_contratacao, cad_supv) 
VALUES ('pessoaAB@gmail.com', 'Caixa', TO_DATE('2018-08-15', 'YYYY-MM-DD'), 'pessoaQ@gmail.com');

INSERT INTO Funcionario(email_funcionario, cargo_func, data_contratacao, cad_supv)
VALUES ('pessoaAC@gmail.com', 'Suporte', TO_DATE('2017-07-13', 'YYYY-MM-DD'), 'pessoaR@gmail.com');

INSERT INTO Funcionario(email_funcionario, cargo_func, data_contratacao, cad_supv) 
VALUES ('pessoaAD@gmail.com', 'Vendedor', TO_DATE('2022-11-21', 'YYYY-MM-DD'), 'pessoaQ@gmail.com');

INSERT INTO Funcionario(email_funcionario, cargo_func, data_contratacao, cad_supv)
VALUES ('pessoaAE@gmail.com', 'Suporte', TO_DATE('2023-07-19', 'YYYY-MM-DD'), 'pessoaR@gmail.com');

INSERT INTO Funcionario(email_funcionario, cargo_func, data_contratacao, cad_supv) 
VALUES ('pessoaAF@gmail.com', 'Estagiário', TO_DATE('2022-08-13', 'YYYY-MM-DD'), 'pessoaQ@gmail.com');

--Inserindo em Transportadora

INSERT INTO Transportadora (cnpj) VALUES (90000000000009);
INSERT INTO Transportadora (cnpj) VALUES (90101010101019);
INSERT INTO Transportadora (cnpj) VALUES (90202020202029);
INSERT INTO Transportadora (cnpj) VALUES (90303030303039);
INSERT INTO Transportadora (cnpj) VALUES (90404040404049);
INSERT INTO Transportadora (cnpj) VALUES (90505050505059);
INSERT INTO Transportadora (cnpj) VALUES (90606060606069);
INSERT INTO Transportadora (cnpj) VALUES (90707070707079);
INSERT INTO Transportadora (cnpj) VALUES (90808080808089);
INSERT INTO Transportadora (cnpj) VALUES (90909090909099);
INSERT INTO Transportadora (cnpj) VALUES (91010101010109);
INSERT INTO Transportadora (cnpj) VALUES (91111111111119);
INSERT INTO Transportadora (cnpj) VALUES (91212121212129);
INSERT INTO Transportadora (cnpj) VALUES (91313131313139);
INSERT INTO Transportadora (cnpj) VALUES (91414141414149);
INSERT INTO Transportadora (cnpj) VALUES (91515151515159);
INSERT INTO Transportadora (cnpj) VALUES (91616161616169);
INSERT INTO Transportadora (cnpj) VALUES (91717171717179);
INSERT INTO Transportadora (cnpj) VALUES (91818181818189);
INSERT INTO Transportadora (cnpj) VALUES (91919191919199);
INSERT INTO Transportadora (cnpj) VALUES (92020202020209);
INSERT INTO Transportadora (cnpj) VALUES (92121212121219);
INSERT INTO Transportadora (cnpj) VALUES (92222222222229);
INSERT INTO Transportadora (cnpj) VALUES (92323232323239);
INSERT INTO Transportadora (cnpj) VALUES (92424242424249);
INSERT INTO Transportadora (cnpj) VALUES (92525252525259);
INSERT INTO Transportadora (cnpj) VALUES (92626262626269);
INSERT INTO Transportadora (cnpj) VALUES (92727272727279);
INSERT INTO Transportadora (cnpj) VALUES (92828282828289);
INSERT INTO Transportadora (cnpj) VALUES (92929292929299);


--Inserindo em Pedido
INSERT INTO Pedido (id_pedido, data_pedido, descricao, preco, status, destino, frete, cliente) 
    VALUES (9000000009, TO_DATE('2022-12-10', 'YYYY-MM-DD'), '1x Mouse HyperX Pulsefire; 1x Headset SteelSeries Arctis 7+', 682.98, 'Cancelado', 'Rua O Pintinho Pio, 999', 45.72, 'pessoaP@gmail.com');
INSERT INTO Pedido (id_pedido, data_pedido, descricao, preco, status, local_saida, local_atual, destino, data_entrega, data_saida, frete, cliente, transportadora) 
    VALUES (9010101019, TO_DATE('2022-12-15', 'YYYY-MM-DD'), '2x Monitor Acer 19,5 polegadas', 1099.98, 'Entregue', 'Armazem 1 - São Paulo', 'Recife', 'Rua A galinha Có, 111', 
    TO_DATE('2023-01-10', 'YYYY-MM-DD'), TO_DATE('2022-12-27', 'YYYY-MM-DD'), 29.43, 'pessoaA@gmail.com', 91010101010109);
INSERT INTO Pedido (id_pedido, data_pedido, descricao, preco, status, local_saida, local_atual, destino, data_entrega, data_saida, frete, cliente, transportadora) 
    VALUES (9020202029, TO_DATE('2022-12-28', 'YYYY-MM-DD'), '4x HD 1TB Seagate', 980.00, 'Entregue', 'Armazem 2 - São Paulo', 'Goiana', 'Rua O Galo Corococó, 333', 
    TO_DATE('2023-01-12', 'YYYY-MM-DD'), TO_DATE('2022-12-29', 'YYYY-MM-DD'), 19.00, 'pessoaH@gmail.com', 91818181818189);
INSERT INTO Pedido (id_pedido, data_pedido, descricao, preco, status, local_saida, local_atual, destino, data_entrega, data_saida, frete, cliente, transportadora) 
    VALUES (9131313139, TO_DATE('2023-01-01', 'YYYY-MM-DD'), '2x HD 1TB Seagate', 300.00, 'Entregue', 'Armazem 1 - São Paulo', 'Campinas', 'Rua O Gato Miau, 222', 
    TO_DATE('2023-01-31', 'YYYY-MM-DD'), TO_DATE('2023-01-13', 'YYYY-MM-DD'), 36.71, 'pessoaE@gmail.com', 90101010101019);
INSERT INTO Pedido (id_pedido, data_pedido, descricao, preco, status, data_entrega, cliente) 
    VALUES (9151515159, TO_DATE('2023-01-15', 'YYYY-MM-DD'), '1x Detroit: Become Human Digital Version, 1x Beyond: Two Souls Digital Version', 
    199.00, 'Entregue', TO_DATE('2023-01-15', 'YYYY-MM-DD'), 'pessoaA@gmail.com');
INSERT INTO Pedido (id_pedido, data_pedido, descricao, preco, status, data_entrega, cliente) 
    VALUES (9202020209, TO_DATE('2023-02-03', 'YYYY-MM-DD'), '1x Diablo IV Digital Version', 199.00, 'Entregue', TO_DATE('2023-02-03', 'YYYY-MM-DD'), 'pessoaB@gmail.com');
INSERT INTO Pedido (id_pedido, data_pedido, descricao, preco, status, data_entrega, cliente) 
    VALUES (9222222229, TO_DATE('2023-02-03', 'YYYY-MM-DD'), '1x Valorant VP 13000', 299.00, 'Entregue', TO_DATE('2023-02-03', 'YYYY-MM-DD'), 'pessoaC@gmail.com');
INSERT INTO Pedido (id_pedido, data_pedido, descricao, preco, status, destino, frete, cliente) 
    VALUES (9242424249, TO_DATE('2023-04-10', 'YYYY-MM-DD'), '1x Teclado Dell', 89.99, 'Cancelado', 'Rua O Gato Miau, 555', 9.99, 'pessoaE@gmail.com');
INSERT INTO Pedido (id_pedido, data_pedido, descricao, preco, status, destino, frete, cliente) 
    VALUES (9424242429, TO_DATE('2023-07-19', 'YYYY-MM-DD'), '1x Mouse Dell', 89.99, 'Aguardando Pagamento', 'Rua O Gato Miau, 555', 9.99, 'pessoaE@gmail.com');
INSERT INTO Pedido (id_pedido, data_pedido, descricao, preco, status, destino, frete, cliente) 
    VALUES (9434343439, TO_DATE('2023-07-20', 'YYYY-MM-DD'), '2x HD 2TB Seagate', 673.98, 'Aguardando Pagamento', 'Rua O Peru Gulu Gulu, 555', 29.84, 'pessoaM@gmail.com');
INSERT INTO Pedido (id_pedido, data_pedido, descricao, preco, status, destino, frete, cliente) 
    VALUES (9393939399, TO_DATE('2023-07-16', 'YYYY-MM-DD'), '2x HD 2TB Seagate', 689.76, 'Em Separação', 'Rua O Pintinho Piu, 999', 29.84, 'pessoaP@gmail.com');
INSERT INTO Pedido (id_pedido, data_pedido, descricao, preco, status, local_saida, local_atual, destino, data_saida, frete, cliente, transportadora) 
    VALUES (9323232329, TO_DATE('2023-07-10', 'YYYY-MM-DD'), '1x Monitor Acer Nitro', 2099.99, 'Em Transporte','Armazem 2 - São Paulo', 'Jaboatão dos Guararapes', 'Rua O Cachorro Au Au, 008', 
    TO_DATE('2023-07-15', 'YYYY-MM-DD'), 26.73, 'pessoaC@gmail.com', 90101010101019);
INSERT INTO Pedido (id_pedido, data_pedido, descricao, preco, status, local_saida, local_atual, destino, data_saida, frete, cliente, transportadora) 
    VALUES (9353535359, TO_DATE('2023-07-11', 'YYYY-MM-DD'), '1x Mouse Razer DeathAdder', 349.85, 'Em Transporte','Armazem 2 - São Paulo', 'Aracaju', 'Rua O Capote Totac, 478', 
    TO_DATE('2023-07-17', 'YYYY-MM-DD'), 28.34, 'pessoaK@gmail.com', 92525252525259);

-- Inserindo Pagamento

INSERT INTO Pagamento(id_pagamento, data_do_pagamento, status, metodo_do_pagamento, id_pedido) 
VALUES ((8401335639), TO_DATE('2023-07-21', 'YYYY-MM-DD'),('Processando'), ('Em espécie'), (9000000009));
     
INSERT INTO Pagamento(id_pagamento, data_do_pagamento, status, metodo_do_pagamento, id_pedido) 
VALUES ((9290883750), TO_DATE('2023-06-15', 'YYYY-MM-DD'),('Confirmado'), ('Crédito'), (9010101019));
    
INSERT INTO Pagamento(id_pagamento, data_do_pagamento, status, metodo_do_pagamento, id_pedido) 
VALUES ((2807999857), TO_DATE('2023-05-28', 'YYYY-MM-DD'),('Processando'), ('Boleto'), (9131313139));

INSERT INTO Pagamento(id_pagamento, data_do_pagamento, status, metodo_do_pagamento, id_pedido) 
VALUES ((1089485343), TO_DATE('2023-07-03', 'YYYY-MM-DD'),('Confirmado'), ('Crédito'), (9151515159));

INSERT INTO Pagamento(id_pagamento, data_do_pagamento, status, metodo_do_pagamento, id_pedido) 
VALUES ((7747535127), TO_DATE('2023-05-05', 'YYYY-MM-DD'),('Cancelado'), ('Pix'), (9202020209));

INSERT INTO Pagamento(id_pagamento, data_do_pagamento, status, metodo_do_pagamento, id_pedido) 
VALUES ((3441727099), TO_DATE('2023-06-06', 'YYYY-MM-DD'),('Processando'), ('Boleto'), (9222222229));

INSERT INTO Pagamento(id_pagamento, data_do_pagamento, status, metodo_do_pagamento, id_pedido) 
VALUES ((8275845891), TO_DATE('2023-07-07', 'YYYY-MM-DD'),('Processando'), ('Em espécie'), (9242424249));

INSERT INTO Pagamento(id_pagamento, data_do_pagamento, status, metodo_do_pagamento, id_pedido) 
VALUES ((9286776558), TO_DATE('2023-07-01', 'YYYY-MM-DD'),('Cancelado'), ('Crédito'), (9242424249));

INSERT INTO Pagamento(id_pagamento, data_do_pagamento, status, metodo_do_pagamento, id_pedido) 
VALUES ((1632102375), TO_DATE('2023-06-30', 'YYYY-MM-DD'),('Confirmado'), ('Crédito'), (9424242429));
        
--Inserindo em Produto
INSERT INTO Produto (id_produto, quantidade, nome, preco, data_estoque, caracteristicas, marca, categoria, pedido) VALUES (0101010101, 1, 'Mouse HyperX Pulsefire', 109.99, TO_DATE('2022-10-31', 'YYYY-MM-DD'), 'Mouse com fio; Preto', 'HyperX', 'Mouse', 9000000009);
INSERT INTO Produto (id_produto, quantidade, nome, preco, data_estoque, caracteristicas, marca, categoria, pedido) VALUES (0202020202, 1, 'Headset SteelSeries Arctis 7+', 572.99, TO_DATE('2022-10-31', 'YYYY-MM-DD'), 'HeadSet com fio; Branco', 'Steelseries', 'Headset', 9000000009);
INSERT INTO Produto (id_produto, quantidade, nome, preco, data_estoque, caracteristicas, marca, categoria, pedido) VALUES (0303030303, 2, 'Monitor Acer 19,5 polegadas', 549.99, TO_DATE('2022-10-31', 'YYYY-MM-DD'), 'Monitor LED; Preto', 'Acer', 'Monitor', 9010101019);
INSERT INTO Produto (id_produto, quantidade, nome, preco, data_estoque, caracteristicas, marca, categoria, pedido) VALUES (0404040404, 4, 'HD 1TB Seagate', 245.00, TO_DATE('2022-10-31', 'YYYY-MM-DD'), 'HD interno; Preto', 'Seagate', 'HD', 9020202029);
INSERT INTO Produto (id_produto, quantidade, nome, preco, data_estoque, caracteristicas, marca, categoria, pedido) VALUES (0505050505, 2, 'HD 1TB Seagate', 150.00, TO_DATE('2022-10-31', 'YYYY-MM-DD'), 'HD interno; Preto', 'Seagate', 'HD', 9131313139);
INSERT INTO Produto (id_produto, quantidade, nome, preco, data_estoque, caracteristicas, marca, categoria, pedido) VALUES (0606060606, 1, 'Detroit: Become Human Digital Version', 150.00, TO_DATE('2022-11-15', 'YYYY-MM-DD'), 'Chave de ativação', 'Quantic Dream', 'Jogo Digital', 9151515159);
INSERT INTO Produto (id_produto, quantidade, nome, preco, data_estoque, caracteristicas, marca, categoria, pedido) VALUES (0707070707, 1, 'Beyond: Two Souls Digital Version', 49.00, TO_DATE('2022-11-15', 'YYYY-MM-DD'), 'Chave de ativação', 'Quantic Dream', 'Jogo Digital', 9151515159);
INSERT INTO Produto (id_produto, quantidade, nome, preco, data_estoque, caracteristicas, marca, categoria, pedido) VALUES (0808080808, 1, 'Diablo IV Digital Version', 199.00, TO_DATE('2022-11-15', 'YYYY-MM-DD'), 'Chave de ativação', 'Blizzard', 'Jogo Digital', 9202020209);
INSERT INTO Produto (id_produto, quantidade, nome, preco, data_estoque, caracteristicas, marca, categoria, pedido) VALUES (0909090909, 1, 'Valorant VP 13000', 299.00, TO_DATE('2022-11-15', 'YYYY-MM-DD'), 'Chave de ativação', 'Riot Games', 'Jogo Digital', 9222222229);
INSERT INTO Produto (id_produto, quantidade, nome, preco, data_estoque, caracteristicas, marca, categoria, pedido) VALUES (1010101010, 1, 'Teclado Dell', 89.99, TO_DATE('2022-11-15', 'YYYY-MM-DD'), 'Teclado com fio; Preto', 'Dell', 'Teclado', 9242424249);
INSERT INTO Produto (id_produto, quantidade, nome, preco, data_estoque, caracteristicas, marca, categoria, pedido) VALUES (1111111111, 1, 'Monitor Acer Nitro', 2099.99, TO_DATE('2022-11-30', 'YYYY-MM-DD'), 'Monitor LED 27,5 Polegadas; Preto', 'Acer', 'Monitor', 9323232329);
INSERT INTO Produto (id_produto, quantidade, nome, preco, data_estoque, caracteristicas, marca, categoria, pedido) VALUES (1212121212, 1, 'Mouse Razer DeathAdder', 349.85, TO_DATE('2022-11-30', 'YYYY-MM-DD'), 'Mouse com fio; Preto', 'Razer', 'Mouse', 9353535359);
INSERT INTO Produto (id_produto, quantidade, nome, preco, data_estoque, caracteristicas, marca, categoria, pedido) VALUES (1313131313, 2, 'HD 2TB Seagate', 344.88, TO_DATE('2023-01-31', 'YYYY-MM-DD'), 'HD interno', 'Seagate', 'HD', 9393939399);
INSERT INTO Produto (id_produto, quantidade, nome, preco, data_estoque, caracteristicas, marca, categoria, pedido) VALUES (1414141414, 1, 'Mouse Dell', 89.99, TO_DATE('2023-01-31', 'YYYY-MM-DD'), 'Mouse com fio; Preto', 'Dell', 'Mouse', 9424242429);
INSERT INTO Produto (id_produto, quantidade, nome, preco, data_estoque, caracteristicas, marca, categoria, pedido) VALUES (1515151515, 2, 'HD 2TB Seagate', 336.99, TO_DATE('2023-01-31', 'YYYY-MM-DD'), 'HD interno', 'Seagate', 'HD', 9434343439);


--Inserindo Ordem_de_servico

INSERT INTO Ordem_de_servico(protocolo, email_func, descricao, produto, data_de_emissao) 
VALUES ('P001', 'pessoaAC@gmail.com', 'Defeito causado pelo transporte', 'Teclado', TO_DATE('2021-02-15', 'YYYY-MM-DD'));

INSERT INTO Ordem_de_servico(protocolo, email_func, descricao, produto, data_de_emissao) 
VALUES ('P002', 'pessoaAC@gmail.com', 'Defeito de fábrica', 'Placa de vídeo', TO_DATE('2021-05-23', 'YYYY-MM-DD'));

INSERT INTO Ordem_de_servico(protocolo, email_func, descricao, produto, data_de_emissao) 
VALUES ('P003', 'pessoaAC@gmail.com', 'Defeito causado pelo transporte', 'Carregador', TO_DATE('2020-07-12', 'YYYY-MM-DD'));

INSERT INTO Ordem_de_servico(protocolo, email_func, descricao, produto, data_de_emissao) 
VALUES ('P004', 'pessoaAC@gmail.com', 'Defeito de fábrica', 'Notebook', TO_DATE('2022-01-05', 'YYYY-MM-DD'));

INSERT INTO Ordem_de_servico(protocolo, email_func, descricao, produto, data_de_emissao) 
VALUES ('P005', 'pessoaAE@gmail.com', 'Defeito causado pelo transporte', 'Processador', TO_DATE('2019-12-23', 'YYYY-MM-DD'));

INSERT INTO Ordem_de_servico(protocolo, email_func, descricao, produto, data_de_emissao) 
VALUES ('P006', 'pessoaAE@gmail.com', 'Defeito de fábrica', 'Fone de ouvido', TO_DATE('2022-02-15', 'YYYY-MM-DD'));

INSERT INTO Ordem_de_servico(protocolo, email_func, descricao, produto, data_de_emissao) 
VALUES ('P007', 'pessoaAE@gmail.com', 'Defeito causado pelo transporte', 'Mouse', TO_DATE('2023-11-19', 'YYYY-MM-DD'));

INSERT INTO Ordem_de_servico(protocolo, email_func, descricao, produto, data_de_emissao) 
VALUES ('P008', 'pessoaAE@gmail.com', 'Defeito de fábrica', 'Memória RAM', TO_DATE('2022-06-25', 'YYYY-MM-DD'));

INSERT INTO Ordem_de_servico(protocolo, email_func, descricao, produto, data_de_emissao) 
VALUES ('P009', 'pessoaAC@gmail.com', 'Defeito de fábrica', 'Disco SSD', TO_DATE('2021-05-23', 'YYYY-MM-DD'));

INSERT INTO Ordem_de_servico(protocolo, email_func, descricao, produto, data_de_emissao) 
VALUES ('P010', 'pessoaAE@gmail.com', 'Defeito de fábrica', 'Placa de vídeo', TO_DATE('2020-07-12', 'YYYY-MM-DD'));

--Inserindo Assistencia 

INSERT INTO Assistencia (cnpj, data_inicio, descricao, status, equipamento)
VALUES ('34567890123456', TO_DATE('2023-07-23', 'YYYY-MM-DD'), 'Instalar o Pacote Office', 'Em andamento', 'Notebook');

INSERT INTO Assistencia (cnpj, data_inicio, descricao, status, equipamento)
VALUES ('45678901234567', TO_DATE('2023-07-24', 'YYYY-MM-DD'), 'Display quebrado', 'Concluído', 'Monitor');

INSERT INTO Assistencia (cnpj, data_inicio, descricao, status, equipamento)
VALUES ('56789012345678', TO_DATE('2023-07-25', 'YYYY-MM-DD'), 'Sinal fraco', 'Em andamento', 'Roteador');

INSERT INTO Assistencia (cnpj, data_inicio, descricao, status, equipamento)
VALUES ('12345678901234', TO_DATE('2023-07-21', 'YYYY-MM-DD'), 'Poeira interna e pasta térmica antiga', 'Em andamento', 'Computador');

INSERT INTO Assistencia (cnpj, data_inicio, descricao, status, equipamento)
VALUES ('23456789012345', TO_DATE('2023-07-22', 'YYYY-MM-DD'), 'Impressora com engasgo de papel', 'Concluído', 'Impressora');

INSERT INTO Assistencia (cnpj, data_inicio, descricao, status, equipamento)
VALUES ('12344672301454', TO_DATE('2023-05-21', 'YYYY-MM-DD'), 'Porta HDMI sem funcionar', 'Em andamento', 'Placa de Vídeo');

INSERT INTO Assistencia (cnpj, data_inicio, descricao, status, equipamento)
VALUES ('67890123456789', TO_DATE('2023-07-26', 'YYYY-MM-DD'), 'Problemas com o sistema operacional', 'Em andamento', 'Computador');

INSERT INTO Assistencia (cnpj, data_inicio, descricao, status, equipamento)
VALUES ('78901234567890', TO_DATE('2023-07-27', 'YYYY-MM-DD'), 'Problemas com a conexão de internet', 'Concluído', 'Roteador');

INSERT INTO Assistencia (cnpj, data_inicio, descricao, status, equipamento)
VALUES ('89012345678901', TO_DATE('2023-07-28', 'YYYY-MM-DD'), 'Teclas sem funcionar', 'Em andamento', 'Teclado');

INSERT INTO Assistencia (cnpj, data_inicio, descricao, status, equipamento)
VALUES ('90123456789012', TO_DATE('2023-07-29', 'YYYY-MM-DD'), 'Clique duplo', 'Concluído', 'Mouse');

-- Inserindo Aciona

INSERT INTO Aciona(cliente_email, funcionario_email, assistencia_cnpj) 
VALUES ('pessoaA@gmail.com', 'gabriel@email.com','34567890123456');

INSERT INTO Aciona(cliente_email, funcionario_email, assistencia_cnpj) 
VALUES ('pessoaC@gmail.com', 'lucas@email.com','45678901234567');

INSERT INTO Aciona(cliente_email, funcionario_email, assistencia_cnpj) 
VALUES ('pessoaE@gmail.com', 'ana@email.com','56789012345678');

INSERT INTO Aciona(cliente_email, funcionario_email, assistencia_cnpj) 
VALUES ('pessoaG@gmail.com', 'pedro@email.com','12345678901234');

INSERT INTO Aciona(cliente_email, funcionario_email, assistencia_cnpj) 
VALUES ('pessoaI@gmail.com', 'pessoaX@gmail.com','23456789012345');

INSERT INTO Aciona(cliente_email, funcionario_email, assistencia_cnpj) 
VALUES ('pessoaK@gmail.com', 'pessoaAC@gmail.com','12344672301454');

INSERT INTO Aciona(cliente_email, funcionario_email, assistencia_cnpj) 
VALUES ('pessoaM@gmail.com', 'pessoaAD@gmail.com','67890123456789');

INSERT INTO Aciona(cliente_email, funcionario_email, assistencia_cnpj) 
VALUES ('pessoaO@gmail.com', 'ana@email.com','78901234567890');

INSERT INTO Aciona(cliente_email, funcionario_email, assistencia_cnpj) 
VALUES ('pessoaA@gmail.com', 'pessoaAD@gmail.com','89012345678901');

INSERT INTO Aciona(cliente_email, funcionario_email, assistencia_cnpj) 
VALUES ('pessoaB@gmail.com', 'pessoaAC@gmail.com','90123456789012');

--Inserindo Tipo Assistencia

INSERT INTO TipoAssistencia (tipo_assistencia, cnpj_assistencia)
VALUES ('Instalação de software', '34567890123456');

INSERT INTO TipoAssistencia (tipo_assistencia, cnpj_assistencia)
VALUES ('Substituição de peças', '45678901234567');

INSERT INTO TipoAssistencia (tipo_assistencia, cnpj_assistencia)
VALUES ('Configuração de rede', '56789012345678');

INSERT INTO TipoAssistencia (tipo_assistencia, cnpj_assistencia)
VALUES ('Manutenção preventiva', '12345678901234');

INSERT INTO TipoAssistencia (tipo_assistencia, cnpj_assistencia)
VALUES ('Reparo de hardware', '23456789012345');

INSERT INTO TipoAssistencia (tipo_assistencia, cnpj_assistencia)
VALUES ('Reparo de hardware', '12344672301454');

INSERT INTO TipoAssistencia (tipo_assistencia, cnpj_assistencia)
VALUES ('Reparo de software', '67890123456789');

INSERT INTO TipoAssistencia (tipo_assistencia, cnpj_assistencia)
VALUES ('Configuração de rede', '78901234567890');

INSERT INTO TipoAssistencia (tipo_assistencia, cnpj_assistencia)
VALUES ('Substituição de peças', '89012345678901');

INSERT INTO TipoAssistencia (tipo_assistencia, cnpj_assistencia)
VALUES ('Substituição de peças', '90123456789012');


--Inserindo Descricao

INSERT INTO Descricao (acoes_tomadas) VALUES ('Instalação do Pacote Office');

INSERT INTO Descricao (acoes_tomadas) VALUES ('Substituição do display quebrado');

INSERT INTO Descricao (acoes_tomadas) VALUES ('Melhoria do sinal do roteador');

INSERT INTO Descricao (acoes_tomadas) VALUES ('Limpeza interna e troca de pasta térmica');

INSERT INTO Descricao (acoes_tomadas) VALUES ('Desobstrução do mecanismo de papel');

INSERT INTO Descricao (acoes_tomadas) VALUES ('Reparo da porta HDMI');

INSERT INTO Descricao (acoes_tomadas) VALUES ('Correção de problemas com o sistema operacional');

INSERT INTO Descricao (acoes_tomadas) VALUES ('Melhoria da conexão de internet');

INSERT INTO Descricao (acoes_tomadas) VALUES ('Substituição de teclas quebradas');

INSERT INTO Descricao (acoes_tomadas) VALUES ('Correção do problema de clique duplo');

--Inserindo Protocolo_de_Atendimento

INSERT INTO Protocolo_de_Atendimento (codigo_protocolo, cnpj, desc_pro, acoes_tomadas, data_inicio, data_conclusao)
VALUES ('P001', '34567890123456', 1, 'Instalação do Pacote Office', TO_DATE('2023-07-23', 'YYYY-MM-DD'), TO_DATE('2023-07-24', 'YYYY-MM-DD'));

INSERT INTO Protocolo_de_Atendimento (codigo_protocolo, cnpj, desc_pro, acoes_tomadas, data_inicio, data_conclusao)
VALUES ('P002', '45678901234567', 2, 'Substituição do display quebrado', TO_DATE('2023-07-24', 'YYYY-MM-DD'), TO_DATE('2023-07-25', 'YYYY-MM-DD'));

INSERT INTO Protocolo_de_Atendimento (codigo_protocolo, cnpj, desc_pro, acoes_tomadas, data_inicio, data_conclusao)
VALUES ('P003', '56789012345678', 3, 'Troca das antenas do roteador', TO_DATE('2023-07-25', 'YYYY-MM-DD'), TO_DATE('2023-07-26', 'YYYY-MM-DD'));

INSERT INTO Protocolo_de_Atendimento (codigo_protocolo, cnpj, desc_pro, acoes_tomadas, data_inicio, data_conclusao)
VALUES ('P004', '12345678901234', 4, 'Limpeza interna e troca de pasta térmica', TO_DATE('2023-07-21', 'YYYY-MM-DD'), TO_DATE('2023-07-22', 'YYYY-MM-DD'));

INSERT INTO Protocolo_de_Atendimento (codigo_protocolo, cnpj, desc_pro, acoes_tomadas, data_inicio, data_conclusao)
VALUES ('P005', '23456789012345', 5, 'Desobstrução do mecanismo de papel', TO_DATE('2023-07-22', 'YYYY-MM-DD'), TO_DATE('2023-07-23', 'YYYY-MM-DD'));

INSERT INTO Protocolo_de_Atendimento (codigo_protocolo, cnpj, desc_pro, acoes_tomadas, data_inicio, data_conclusao)
VALUES ('P006', '12344672301454', 6, 'Troca da entrada HDMI e repato na placa', TO_DATE('2023-05-21', 'YYYY-MM-DD'), TO_DATE('2023-05-22', 'YYYY-MM-DD'));

INSERT INTO Protocolo_de_Atendimento (codigo_protocolo, cnpj, desc_pro, acoes_tomadas, data_inicio, data_conclusao)
VALUES ('P007', '67890123456789', 7, 'Backup e formatação do sistema', TO_DATE('2023-07-26', 'YYYY-MM-DD'), TO_DATE('2023-07-27', 'YYYY-MM-DD'));

INSERT INTO Protocolo_de_Atendimento (codigo_protocolo, cnpj, desc_pro, acoes_tomadas, data_inicio, data_conclusao)
VALUES ('P008', '78901234567890', 8, 'Limpeza e restauração para padrões de fábrica', TO_DATE('2023-07-27', 'YYYY-MM-DD'), TO_DATE('2023-07-28', 'YYYY-MM-DD'));

INSERT INTO Protocolo_de_Atendimento (codigo_protocolo, cnpj, desc_pro, acoes_tomadas, data_inicio, data_conclusao)
VALUES ('P009', '89012345678901', 9, 'Substituição de teclas quebradas', TO_DATE('2023-07-28', 'YYYY-MM-DD'), TO_DATE('2023-07-29', 'YYYY-MM-DD'));

INSERT INTO Protocolo_de_Atendimento (codigo_protocolo, cnpj, desc_pro, acoes_tomadas, data_inicio, data_conclusao)
VALUES ('P010', '90123456789012', 10, 'Botão trocado', TO_DATE('2023-07-29', 'YYYY-MM-DD'), TO_DATE('2023-07-30', 'YYYY-MM-DD'));

-- Inserindo no Relatorio_aux

INSERT INTO Relatorio_aux(codigo_relatorio_aux) VALUES ('REL001');

INSERT INTO Relatorio_aux(codigo_relatorio_aux) VALUES ('REL002');

INSERT INTO Relatorio_aux(codigo_relatorio_aux) VALUES ('REL003');

INSERT INTO Relatorio_aux(codigo_relatorio_aux) VALUES ('REL004');

INSERT INTO Relatorio_aux(codigo_relatorio_aux) VALUES ('REL005');

INSERT INTO Relatorio_aux(codigo_relatorio_aux) VALUES ('REL006');

-- Inserindo Servico_aux

INSERT INTO Servico_aux(codigo_servico_aux) VALUES ('SERV001');

INSERT INTO Servico_aux(codigo_servico_aux) VALUES ('SERV002');

INSERT INTO Servico_aux(codigo_servico_aux) VALUES ('SERV003');

INSERT INTO Servico_aux(codigo_servico_aux) VALUES ('SERV004');

INSERT INTO Servico_aux(codigo_servico_aux) VALUES ('SERV005');

INSERT INTO Servico_aux(codigo_servico_aux) VALUES ('SERV006');

-- Inserindo Serviço a ser Realizado

INSERT INTO Servico_a_ser_realizado(funcionario_email, ordservico_protocolo, relatorio_codigo, servico_codigo)
VALUES ('joao@email.com', 'P001', 'REL001', 'SERV001');

INSERT INTO Servico_a_ser_realizado(funcionario_email, ordservico_protocolo, relatorio_codigo, servico_codigo)
VALUES ('maria@email.com', 'P002', 'REL002', 'SERV002');

INSERT INTO Servico_a_ser_realizado(funcionario_email, ordservico_protocolo, relatorio_codigo, servico_codigo)
VALUES ('pedro@email.com', 'P003', 'REL003', 'SERV003');

INSERT INTO Servico_a_ser_realizado(funcionario_email, ordservico_protocolo, relatorio_codigo, servico_codigo)
VALUES ('ana@email.com', 'P004', 'REL004', 'SERV004');

INSERT INTO Servico_a_ser_realizado(funcionario_email, ordservico_protocolo, relatorio_codigo, servico_codigo)
VALUES ('carlos@email.com', 'P005', 'REL005', 'SERV005');

INSERT INTO Servico_a_ser_realizado(funcionario_email, ordservico_protocolo, relatorio_codigo, servico_codigo)
VALUES ('lucas@email.com', 'P006', 'REL006', 'SERV006');

-- Inserindo Relatorio
INSERT INTO Relatorio (codigo_relatorio, email_funcionario, protocolo, descricao)
VALUES ('REL001', 'joao@email.com', 'P001', 'Relatório de vendas do mês');

INSERT INTO Relatorio (codigo_relatorio, email_funcionario, protocolo, descricao)
VALUES ('REL002', 'maria@email.com', 'P002', 'Relatório de desempenho do setor financeiro');

INSERT INTO Relatorio (codigo_relatorio, email_funcionario, protocolo, descricao)
VALUES ('REL003', 'pedro@email.com', 'P003', 'Relatório de estoque atualizado');

INSERT INTO Relatorio (codigo_relatorio, email_funcionario, protocolo, descricao)
VALUES ('REL004', 'ana@email.com', 'P004', 'Relatório de análise de dados');

INSERT INTO Relatorio (codigo_relatorio, email_funcionario, protocolo, descricao)
VALUES ('REL005', 'carlos@email.com', 'P005', 'Relatório de avaliação de projetos');

INSERT INTO Relatorio (codigo_relatorio, email_funcionario, protocolo, descricao)
VALUES ('REL006', 'lucas@email.com', 'P006', 'Relatório de monitoramento de sistemas');

-- Inserindo Servico
INSERT INTO Servico (codigo_servico, email_funcionario, protocolo, status, data_inicio, data_conclusao)
VALUES ('SERV001', 'joao@email.com', 'P001', 'Em andamento', TO_DATE('2023-07-20', 'YYYY-MM-DD'), NULL);

INSERT INTO Servico (codigo_servico, email_funcionario, protocolo, status, data_inicio, data_conclusao)
VALUES ('SERV002', 'maria@email.com', 'P002', 'Concluído', TO_DATE('2023-07-15', 'YYYY-MM-DD'), TO_DATE('2023-07-18', 'YYYY-MM-DD'));

INSERT INTO Servico (codigo_servico, email_funcionario, protocolo, status, data_inicio, data_conclusao)
VALUES ('SERV003', 'pedro@email.com', 'P003', 'Pendente', TO_DATE('2023-07-19', 'YYYY-MM-DD'), NULL);

INSERT INTO Servico (codigo_servico, email_funcionario, protocolo, status, data_inicio, data_conclusao)
VALUES ('SERV004', 'ana@email.com', 'P004', 'Em andamento', TO_DATE('2023-07-18', 'YYYY-MM-DD'), NULL);

INSERT INTO Servico (codigo_servico, email_funcionario, protocolo, status, data_inicio, data_conclusao)
VALUES ('SERV005', 'carlos@email.com', 'P005', 'Concluído', TO_DATE('2023-07-12', 'YYYY-MM-DD'), TO_DATE('2023-07-14', 'YYYY-MM-DD'));

INSERT INTO Servico (codigo_servico, email_funcionario, protocolo, status, data_inicio, data_conclusao)
VALUES ('SERV006', 'lucas@email.com', 'P006', 'Pendente', TO_DATE('2023-07-16', 'YYYY-MM-DD'), NULL);


